{
  "implemented": true,
  "name": "Girafarig",
  "nationalPokedexNumber": 203,
  "primaryType": "normal",
  "secondaryType": "psychic",
  "abilities": [
    "innerfocus",
    "earlybird",
    "h:sapsipper"
  ],
  "baseStats": {
    "hp": 70,
    "attack": 80,
    "defence": 65,
    "special_attack": 90,
    "special_defence": 65,
    "speed": 85
  },
  "catchRate": 60,
  "maleRatio": 0.5,
  "shoulderMountable": false,
  "baseExperienceYield": 159,
  "experienceGroup": "medium_fast",
  "eggCycles": 20,
  "eggGroups": [
    "field"
  ],
  "moves": [
    "1:astonish",
    "1:growl",
    "1:guardswap",
    "1:powerswap",
    "1:tackle",
    "5:confusion",
    "5:odorsleuth",
    "10:assurance",
    "14:stomp",
    "19:psybeam",
    "23:agility",
    "28:doublehit",
    "32:twinbeam",
    "32:zenheadbutt",
    "37:crunch",
    "41:batonpass",
    "46:nastyplot",
    "50:psychic",
    "egg:allyswitch",
    "egg:amnesia",
    "egg:beatup",
    "egg:doublekick",
    "egg:foresight",
    "egg:futuresight",
    "egg:magiccoat",
    "egg:meanlook",
    "egg:mirrorcoat",
    "egg:psychicfangs",
    "egg:psychicterrain",
    "egg:psychup",
    "egg:razorwind",
    "egg:secretpower",
    "egg:skillswap",
    "egg:takedown",
    "egg:uproar",
    "egg:wish",
    "tm:agility",
    "tm:amnesia",
    "tm:attract",
    "tm:batonpass",
    "tm:bodyslam",
    "tm:bulldoze",
    "tm:calmmind",
    "tm:captivate",
    "tm:chargebeam",
    "tm:confide",
    "tm:confuseray",
    "tm:crunch",
    "tm:dazzlinggleam",
    "tm:doubleedge",
    "tm:doubleteam",
    "tm:dreameater",
    "tm:earthquake",
    "tm:echoedvoice",
    "tm:endeavor",
    "tm:endure",
    "tm:energyball",
    "tm:expandingforce",
    "tm:facade",
    "tm:flash",
    "tm:foulplay",
    "tm:frustration",
    "tm:futuresight",
    "tm:gigaimpact",
    "tm:grassknot",
    "tm:gravity",
    "tm:helpinghand",
    "tm:hiddenpower",
    "tm:highhorsepower",
    "tm:hyperbeam",
    "tm:hypervoice",
    "tm:imprison",
    "tm:irontail",
    "tm:lightscreen",
    "tm:lowkick",
    "tm:nastyplot",
    "tm:naturalgift",
    "tm:protect",
    "tm:psybeam",
    "tm:psychic",
    "tm:psychicfangs",
    "tm:psychicnoise",
    "tm:psychicterrain",
    "tm:psychup",
    "tm:psyshock",
    "tm:raindance",
    "tm:recycle",
    "tm:reflect",
    "tm:rest",
    "tm:retaliate",
    "tm:return",
    "tm:rocksmash",
    "tm:round",
    "tm:secretpower",
    "tm:shadowball",
    "tm:shockwave",
    "tm:skillswap",
    "tm:sleeptalk",
    "tm:stompingtantrum",
    "tm:storedpower",
    "tm:strength",
    "tm:substitute",
    "tm:sunnyday",
    "tm:swagger",
    "tm:swift",
    "tm:takedown",
    "tm:telekinesis",
    "tm:terablast",
    "tm:thief",
    "tm:thunder",
    "tm:thunderbolt",
    "tm:thunderwave",
    "tm:toxic",
    "tm:trailblaze",
    "tm:trick",
    "tm:trickroom",
    "tm:uproar",
    "tm:workup",
    "tm:zenheadbutt",
    "tutor:agility",
    "tutor:allyswitch",
    "tutor:amnesia",
    "tutor:attract",
    "tutor:batonpass",
    "tutor:beatup",
    "tutor:bodyslam",
    "tutor:confusion",
    "tutor:crunch",
    "tutor:curse",
    "tutor:doubleedge",
    "tutor:doubleteam",
    "tutor:dreameater",
    "tutor:earthquake",
    "tutor:endure",
    "tutor:foresight",
    "tutor:foulplay",
    "tutor:frustration",
    "tutor:futuresight",
    "tutor:gravity",
    "tutor:growl",
    "tutor:headbutt",
    "tutor:hiddenpower",
    "tutor:hypervoice",
    "tutor:irontail",
    "tutor:magiccoat",
    "tutor:mimic",
    "tutor:mirrorcoat",
    "tutor:mudslap",
    "tutor:nightmare",
    "tutor:protect",
    "tutor:psybeam",
    "tutor:psychic",
    "tutor:psychup",
    "tutor:recycle",
    "tutor:rest",
    "tutor:return",
    "tutor:rocksmash",
    "tutor:shadowball",
    "tutor:shockwave",
    "tutor:signalbeam",
    "tutor:skillswap",
    "tutor:sleeptalk",
    "tutor:snore",
    "tutor:stomp",
    "tutor:stompingtantrum",
    "tutor:strength",
    "tutor:substitute",
    "tutor:suckerpunch",
    "tutor:sunnyday",
    "tutor:swagger",
    "tutor:swift",
    "tutor:tackle",
    "tutor:takedown",
    "tutor:telekinesis",
    "tutor:thief",
    "tutor:thunder",
    "tutor:thunderwave",
    "tutor:toxic",
    "tutor:trick",
    "tutor:uproar",
    "tutor:zapcannon",
    "tutor:zenheadbutt"
  ],
  "labels": [
    "gen2"
  ],
  "pokedex": [
    "cobblemon.species.girafarig.desc"
  ],
  "evolutions": [
    {
      "id": "girafarig_farigiraf",
      "variant": "level_up",
      "result": "farigiraf",
      "consumeHeldItem": false,
      "learnableMoves": [],
      "requirements": [
        {
          "variant": "has_move",
          "move": "twinbeam"
        }
      ]
    }
  ],
  "baseScale": 1,
  "hitbox": {
    "width": 1,
    "height": 1,
    "fixed": false
  },
  "baseFriendship": 70,
  "evYield": {
    "hp": 0,
    "attack": 0,
    "defence": 0,
    "special_attack": 2,
    "special_defence": 0,
    "speed": 0
  },
  "height": 15,
  "weight": 415,
  "aspects": [],
  "cannotDynamax": false,
  "drops": {
    "amount": 3,
    "entries": [
      {
        "item": "minecraft:leather",
        "quantityRange": "0-1"
      },
      {
        "item": "cobblemon:razor_fang",
        "percentage": 2.5
      },
      {
        "item": "cobblemon:persim_berry",
        "percentage": 2.5
      }
    ]
  }
}
