{
	"format_version": "1.8.0",
	"animations": {
		"animation.kricketune.ground_idle": {
			"loop": true,
			"bones": {
				"antenna_left": {
					"rotation": [0, 0, 0]
				},
				"antenna_left2": {
					"rotation": ["-2*math.sin(q.anim_time*90*3+50)", 0, 0]
				},
				"antenna_left3": {
					"rotation": [0, -15, "45-2*math.sin(q.anim_time*90*2+10)"]
				},
				"antenna_right3": {
					"rotation": [0, 15, "-45+2*math.sin(q.anim_time*90*2)"]
				},
				"wing_left": {
					"rotation": [5, 0, "-20+1*math.sin(q.anim_time*90*2-60)"]
				},
				"wing_right": {
					"rotation": [10, 0, "19-1*math.sin(q.anim_time*90*2-50)"]
				},
				"arm_left": {
					"rotation": [-10.3, "17.2-5*math.sin(q.anim_time*90*1)", "-31.6+2*math.sin(q.anim_time*90*1+10)"]
				},
				"arm_left2": {
					"rotation": [0.6, -2.5, "102.9-5*math.sin(q.anim_time*90*1-20)"]
				},
				"arm_right": {
					"rotation": [-10.3, "-17.2+5*math.sin(q.anim_time*90*1)", "31.6-2*math.sin(q.anim_time*90*1)"]
				},
				"arm_right2": {
					"rotation": [0.6, 2.5, "-102.9+5*math.sin(q.anim_time*90*1-30)"]
				},
				"leg_left": {
					"rotation": [0, 0, -12.5],
					"position": [0, 0, 0]
				},
				"leg_right": {
					"rotation": [0, 0, 12.5]
				},
				"torso": {
					"rotation": ["1*math.sin(q.anim_time*90*1-20)", 0, "0.5*math.sin(q.anim_time*90*1-20)"],
					"position": ["-0.1*math.sin(q.anim_time*90*1)", "-0.1*math.sin(q.anim_time*90*2)", "0.1*math.sin(q.anim_time*90*2)"]
				},
				"neck": {
					"rotation": ["1*math.sin(q.anim_time*90*2+30)", 0, 0]
				},
				"head": {
					"rotation": ["-1*math.sin(q.anim_time*90*1+90)", 0, 0]
				},
				"antenna_right2": {
					"rotation": ["-2*math.sin(q.anim_time*90*3+30)", 0, 0]
				},
				"moustache_left": {
					"rotation": ["2*math.sin(q.anim_time*90*2-30)", 0, "-2*math.sin(q.anim_time*90*2-60)"]
				},
				"moustache_right": {
					"rotation": ["2*math.sin(q.anim_time*90*2-60)", 0, "2*math.sin(q.anim_time*90*2-90)"]
				}
			}
		},
		"animation.kricketune.ground_walk": {
			"loop": true,
			"bones": {
				"torso": {
					"rotation": ["8-1*math.sin(q.anim_time*90*8-30)", "3*math.sin(q.anim_time*90*4-10)", "3*math.sin(q.anim_time*90*4)"],
					"position": ["-0.2*math.sin(q.anim_time*90*1)", "0.5*math.sin(q.anim_time*90*8)", "0.2*math.sin(q.anim_time*90*8)"]
				},
				"neck": {
					"rotation": ["2.5+1*math.sin(q.anim_time*90*2)+2*math.sin(q.anim_time*90*8-30)", 0, "-2*math.sin(q.anim_time*90*4+10)"]
				},
				"head": {
					"rotation": ["-10+0.5*math.sin(q.anim_time*90*2+90)", 0, "3*math.sin(q.anim_time*90*4+20)"]
				},
				"antenna_left": {
					"rotation": [0, 0, 0]
				},
				"antenna_left2": {
					"rotation": [0, "4*math.sin(q.anim_time*90*4)", 0]
				},
				"antenna_left3": {
					"rotation": [0, -15, "45-2*math.sin(q.anim_time*90*8)"]
				},
				"antenna_right2": {
					"rotation": ["-2*math.sin(q.anim_time*90*3)", "-4*math.sin(q.anim_time*90*4)", 0]
				},
				"antenna_right3": {
					"rotation": [0, 15, "-45+2*math.sin(q.anim_time*90*8)"]
				},
				"moustache_left": {
					"rotation": ["5*math.sin(q.anim_time*90*8-60)", 0, "6*math.sin(q.anim_time*90*4-30)"]
				},
				"moustache_right": {
					"rotation": ["5*math.sin(q.anim_time*90*8-50)", 0, "6*math.sin(q.anim_time*90*4-50)"]
				},
				"wing_left": {
					"rotation": ["12.5+4*math.sin(q.anim_time*90*8)", 0, "-20+2*math.sin(q.anim_time*90*2-60)"]
				},
				"wing_right": {
					"rotation": ["12.5+4*math.sin(q.anim_time*90*8)", 0, "20-2*math.sin(q.anim_time*90*2-60)"]
				},
				"arm_left": {
					"rotation": [2, "24+5*math.sin(q.anim_time*90*4)", "-17-2*math.sin(q.anim_time*90*3)"]
				},
				"arm_left2": {
					"rotation": [0.6, "-2.5+5*math.sin(q.anim_time*90*4-90)", "95+5*math.sin(q.anim_time*90*2-30)"]
				},
				"arm_right": {
					"rotation": [2, "-24+5*math.sin(q.anim_time*90*4)", "17-2*math.sin(q.anim_time*90*3)"]
				},
				"arm_right2": {
					"rotation": [0.6, "2.5+5*math.sin(q.anim_time*90*4-90)", "-95+5*math.sin(q.anim_time*90*2-30)"]
				},
				"leg_left": {
					"rotation": ["-20*math.sin(q.anim_time*90*4)", 0, -12.5],
					"position": [0, "math.clamp(1*math.cos(q.anim_time*90*4),0,2)+math.clamp(-0.2*math.cos(q.anim_time*90*4),0,2)", "-1-1.25*math.sin(q.anim_time*90*4)"]
				},
				"leg_right": {
					"rotation": ["25*math.sin(q.anim_time*90*4)", 0, 12.5],
					"position": [0, "math.clamp(-1*math.cos(q.anim_time*90*4),0,2)+math.clamp(0.2*math.cos(q.anim_time*90*4),0,2)", "-1+1.25*math.sin(q.anim_time*90*4)"]
				}
			}
		},
		"animation.kricketune.battle_idle": {
			"loop": true,
			"bones": {
				"antenna_left": {
					"rotation": [0, 0, 0]
				},
				"antenna_left2": {
					"rotation": ["-2*math.sin(q.anim_time*90*3+50)", 0, 0]
				},
				"antenna_left3": {
					"rotation": [0, "-15+2*math.sin(q.anim_time*90*2-30)", "45-2*math.sin(q.anim_time*90*2+10)"]
				},
				"antenna_right3": {
					"rotation": [0, "15-2*math.sin(q.anim_time*90*2-40)", "-45+2*math.sin(q.anim_time*90*2)"]
				},
				"wing_left": {
					"rotation": [5, 0, "-20+3*math.sin(q.anim_time*90*2-60)"]
				},
				"wing_right": {
					"rotation": [10, 0, "20-3*math.sin(q.anim_time*90*2-50)"]
				},
				"arm_left": {
					"rotation": [-22.76191, "19.1139-5*math.sin(q.anim_time*90*2)", "-24.779+2*math.sin(q.anim_time*90*3)"]
				},
				"arm_left2": {
					"rotation": [0, "-2-1*math.sin(q.anim_time*90*2-20)", "97-10*math.sin(q.anim_time*90*2-30)"]
				},
				"arm_right": {
					"rotation": [-21.99449, "-25.3319+5*math.sin(q.anim_time*90*2)", "24.3921-2*math.sin(q.anim_time*90*3)"]
				},
				"arm_right2": {
					"rotation": [1, "2-1*math.sin(q.anim_time*90*2-20)", "-97+10*math.sin(q.anim_time*90*2-30)"]
				},
				"leg_left": {
					"rotation": [0, 0, -12.5],
					"position": [0, 0, 0]
				},
				"leg_right": {
					"rotation": [0, 0, 12.5]
				},
				"torso": {
					"rotation": ["2*math.sin(q.anim_time*90*2)", "5*math.sin(q.anim_time*90*1)", "2*math.sin(q.anim_time*90*1)"],
					"position": ["-0.2*math.sin(q.anim_time*90*1)", "-0.1*math.sin(q.anim_time*90*4)", "0.2*math.sin(q.anim_time*90*2)"]
				},
				"neck": {
					"rotation": ["4*math.sin(q.anim_time*90*2+10)", 0, 0]
				},
				"head": {
					"rotation": ["-2*math.sin(q.anim_time*90*2+90)", 0, 0]
				},
				"antenna_right2": {
					"rotation": ["-2*math.sin(q.anim_time*90*3+30)", 0, 0]
				},
				"moustache_left": {
					"rotation": ["2*math.sin(q.anim_time*90*2-30)", 0, "2*math.sin(q.anim_time*90*2-60)"]
				},
				"moustache_right": {
					"rotation": ["3*math.sin(q.anim_time*90*2-60)", 0, "3*math.sin(q.anim_time*90*2-90)"]
				}
			}
		},
		"animation.kricketune.cry": {
			"animation_length": 2.08333,
			"bones": {
				"head": {
					"rotation": {
						"0.0": [0, 0, 0],
						"0.2083": {
							"pre": [5, 0, 0],
							"post": [5, 0, 0],
							"lerp_mode": "catmullrom"
						},
						"0.4583": {
							"post": [-16.73, 0, 0],
							"lerp_mode": "catmullrom"
						},
						"0.5417": {
							"post": [-17.53712, 0.75374, 2.38374],
							"lerp_mode": "catmullrom"
						},
						"0.6667": {
							"post": [-17.54089, -0.01723, -0.05616],
							"lerp_mode": "catmullrom"
						},
						"1.0833": {
							"post": [-11.73, 0, 0],
							"lerp_mode": "catmullrom"
						},
						"1.7083": {
							"post": [-20, 0, 0],
							"lerp_mode": "catmullrom"
						},
						"2.0833": [0, 0, 0]
					}
				},
				"moustache_left": {
					"rotation": {
						"0.0": [0, 0, 0],
						"0.25": {
							"pre": [0, 0, -5],
							"post": [0, 0, -5],
							"lerp_mode": "catmullrom"
						},
						"0.4167": {
							"post": [0, 0, -5],
							"lerp_mode": "catmullrom"
						},
						"0.5": {
							"post": [0, 0, -10],
							"lerp_mode": "catmullrom"
						},
						"0.5833": {
							"post": [0, 0, -6.94],
							"lerp_mode": "catmullrom"
						},
						"0.6667": {
							"post": [0, 0, -9.2],
							"lerp_mode": "catmullrom"
						},
						"0.75": {
							"post": [0, 0, -3.6],
							"lerp_mode": "catmullrom"
						},
						"0.8333": {
							"post": [0, 0, -10],
							"lerp_mode": "catmullrom"
						},
						"0.9167": {
							"post": [0, 0, -6.94],
							"lerp_mode": "catmullrom"
						},
						"1.0": {
							"post": [0, 0, -10],
							"lerp_mode": "catmullrom"
						},
						"1.0833": {
							"post": [0, 0, -4.44],
							"lerp_mode": "catmullrom"
						},
						"1.25": {
							"post": [0, 0, 2.5],
							"lerp_mode": "catmullrom"
						},
						"1.875": {
							"post": [0, 0, -6.83],
							"lerp_mode": "catmullrom"
						},
						"2.0833": [0, 0, 0]
					}
				},
				"moustache_right": {
					"rotation": {
						"0.0": [0, 0, 0],
						"0.25": {
							"pre": [0, 0, 5],
							"post": [0, 0, 5],
							"lerp_mode": "catmullrom"
						},
						"0.4167": {
							"post": [0, 0, 5],
							"lerp_mode": "catmullrom"
						},
						"0.5": {
							"post": [0, 0, 7.5],
							"lerp_mode": "catmullrom"
						},
						"0.5833": {
							"post": [0, 0, 4.72],
							"lerp_mode": "catmullrom"
						},
						"0.6667": {
							"post": [0, 0, 7.26],
							"lerp_mode": "catmullrom"
						},
						"0.75": {
							"post": [0, 0, 1.94],
							"lerp_mode": "catmullrom"
						},
						"0.8333": {
							"post": [0, 0, 7.5],
							"lerp_mode": "catmullrom"
						},
						"0.9167": {
							"post": [0, 0, 4.72],
							"lerp_mode": "catmullrom"
						},
						"1.0": {
							"post": [0, 0, 7.5],
							"lerp_mode": "catmullrom"
						},
						"1.0833": {
							"post": [0, 0, 2.22],
							"lerp_mode": "catmullrom"
						},
						"1.25": {
							"post": [0, 0, -5],
							"lerp_mode": "catmullrom"
						},
						"1.875": {
							"post": [0, 0, 6.32],
							"lerp_mode": "catmullrom"
						},
						"2.0833": [0, 0, 0]
					}
				},
				"torso": {
					"rotation": {
						"0.0": [0, 0, 0],
						"0.25": {
							"pre": [-2.5, 0, 0],
							"post": [-2.5, 0, 0],
							"lerp_mode": "catmullrom"
						},
						"0.4583": {
							"post": [0.4, 0, 0],
							"lerp_mode": "catmullrom"
						},
						"0.75": {
							"post": [0.5, -0.02183, 2.4999],
							"lerp_mode": "catmullrom"
						},
						"1.5417": {
							"post": [0.47702, -0.00063, -0.0448],
							"lerp_mode": "catmullrom"
						},
						"2.0833": [0, 0, 0]
					}
				},
				"neck": {
					"rotation": {
						"0.0": [0, 0, 0],
						"0.2083": {
							"pre": [-10.4, 0, 0],
							"post": [-10.4, 0, 0],
							"lerp_mode": "catmullrom"
						},
						"0.3333": {
							"post": [29.19, 0, 0],
							"lerp_mode": "catmullrom"
						},
						"0.875": {
							"post": [26.19, 0, 0],
							"lerp_mode": "catmullrom"
						},
						"1.5417": {
							"post": [3.38, 0, 0],
							"lerp_mode": "catmullrom"
						},
						"2.0833": [0, 0, 0]
					}
				},
				"wing_left": {
					"rotation": {
						"0.0": [0, 0, 0],
						"0.125": {
							"pre": [0, 0, -7.5],
							"post": [0, 0, -7.5],
							"lerp_mode": "catmullrom"
						},
						"0.25": {
							"post": [0, 0, 25.5],
							"lerp_mode": "catmullrom"
						},
						"0.3333": {
							"post": [0, 0, 30.5],
							"lerp_mode": "catmullrom"
						},
						"0.4167": {
							"post": [0, 0, 25.51],
							"lerp_mode": "catmullrom"
						},
						"0.5": {
							"post": [0, 0, 30.51],
							"lerp_mode": "catmullrom"
						},
						"0.5833": {
							"post": [0, 0, 25.51],
							"lerp_mode": "catmullrom"
						},
						"0.6667": {
							"post": [-1, 0, 30.51],
							"lerp_mode": "catmullrom"
						},
						"0.75": {
							"post": [0, 0, 25.51],
							"lerp_mode": "catmullrom"
						},
						"0.8333": {
							"post": [0, 0, 30.51],
							"lerp_mode": "catmullrom"
						},
						"0.9167": {
							"post": [0, 0, 25.51],
							"lerp_mode": "catmullrom"
						},
						"1.0": {
							"post": [-1, 0, 30.51],
							"lerp_mode": "catmullrom"
						},
						"1.0833": {
							"post": [-1, 0, 25.51],
							"lerp_mode": "catmullrom"
						},
						"1.2083": {
							"post": [0, 0, 30.51],
							"lerp_mode": "catmullrom"
						},
						"1.5833": {
							"post": [0, 0, -3],
							"lerp_mode": "catmullrom"
						},
						"1.875": [0, 0, 0]
					}
				},
				"wing_right": {
					"rotation": {
						"0.0": [0, 0, 0],
						"0.125": {
							"pre": [1, 0, 7.5],
							"post": [1, 0, 7.5],
							"lerp_mode": "catmullrom"
						},
						"0.25": {
							"post": [1, 0, -25.5],
							"lerp_mode": "catmullrom"
						},
						"0.3333": {
							"post": [1, 0, -30.5],
							"lerp_mode": "catmullrom"
						},
						"0.4167": {
							"post": [1, 0, -25.5],
							"lerp_mode": "catmullrom"
						},
						"0.5": {
							"post": [1, 0, -30.5],
							"lerp_mode": "catmullrom"
						},
						"0.5833": {
							"post": [1, 0, -25.5],
							"lerp_mode": "catmullrom"
						},
						"0.6667": {
							"post": [1, 0, -30.5],
							"lerp_mode": "catmullrom"
						},
						"0.75": {
							"post": [1, 0, -25.5],
							"lerp_mode": "catmullrom"
						},
						"0.8333": {
							"post": [1, 0, -30.5],
							"lerp_mode": "catmullrom"
						},
						"0.9167": {
							"post": [1, 0, -25.5],
							"lerp_mode": "catmullrom"
						},
						"1.0": {
							"post": [1, 0, -30.5],
							"lerp_mode": "catmullrom"
						},
						"1.0833": {
							"post": [1, 0, -25.5],
							"lerp_mode": "catmullrom"
						},
						"1.2083": {
							"post": [1.5, 0, -30.5],
							"lerp_mode": "catmullrom"
						},
						"1.5833": {
							"post": [1, 0, 3],
							"lerp_mode": "catmullrom"
						},
						"1.875": [0, 0, 0]
					}
				}
			},
			"sound_effects": {
				"0.25": {
					"effect": "pokemon.kricketune.cry"
				}
			}
		},
		"animation.kricketune.sleep": {
			"loop": true,
			"bones": {
				"torso": {
					"rotation": ["22.5+2*math.sin(q.anim_time*90*1)", 0, 0],
					"position": [0, -0.75, 0.75]
				},
				"neck": {
					"rotation": ["22.5-2*math.sin(q.anim_time*90*1+60)", 0, 0]
				},
				"head": {
					"rotation": ["12.5-2*math.sin(q.anim_time*90*1+90)", 0, 0]
				},
				"antenna_left2": {
					"rotation": [0, 57.5, 17.5]
				},
				"antenna_left3": {
					"rotation": [0, "-1*math.sin(q.anim_time*90*1)", "38-2*math.sin(q.anim_time*90*2+20)"]
				},
				"antenna_right2": {
					"rotation": [0, -55, -25]
				},
				"antenna_right3": {
					"rotation": [0, "1*math.sin(q.anim_time*90*1)", "-35+2*math.sin(q.anim_time*90*2-40)"]
				},
				"eyelid_left": {
					"position": [0.1, 0, -0.1]
				},
				"eyelid_right": {
					"position": [-0.1, 0, -0.1]
				},
				"moustache_left": {
					"rotation": ["-60+5*math.sin(q.anim_time*90*1-60)", 0, "4*math.sin(q.anim_time*90*1-20)"]
				},
				"moustache_right": {
					"rotation": ["-57.5+3*math.sin(q.anim_time*90*1-20)", 0, "4*math.sin(q.anim_time*90*1+30)"]
				},
				"arm_left": {
					"rotation": ["-32.8312+2*math.sin(q.anim_time*90*1)", 25.75517, "-27.384-2*math.sin(q.anim_time*90*1)"]
				},
				"arm_left2": {
					"rotation": [0, "2.5*math.sin(q.anim_time*90*1)", "90+1*math.sin(q.anim_time*90*1)"]
				},
				"arm_right": {
					"rotation": ["-32.5881+2*math.sin(q.anim_time*90*1)", -26.77972, "28.9435+2*math.sin(q.anim_time*90*1)"]
				},
				"arm_right2": {
					"rotation": [0, "-2.5*math.sin(q.anim_time*90*1)", "-90-1*math.sin(q.anim_time*90*1)"]
				},
				"leg_left": {
					"rotation": [-32.5, -40, 0],
					"position": [0, -0.25, -0.25]
				},
				"leg_right": {
					"rotation": [-20, 47.5, 0],
					"position": [0, 0, -0.5]
				},
				"wing_left": {
					"rotation": [0.4, 0, "12-1*math.sin(q.anim_time*90*1-60)"]
				},
				"wing_right": {
					"rotation": [0.5, 0, "-12+1*math.sin(q.anim_time*90*1-60)"],
					"position": [0, 0, 0.01]
				}
			}
		},
		"animation.kricketune.air_idle": {
			"loop": true,
			"bones": {
				"torso": {
					"rotation": ["7.5+2*math.sin(q.anim_time*90*3)", 0, "-1*math.sin(q.anim_time*90*1)"],
					"position": ["1*math.sin(q.anim_time*90*2)", "4+0.2*math.sin(q.anim_time*90*4)", "0.2*math.sin(q.anim_time*90*3)"]
				},
				"neck": {
					"rotation": ["2*math.sin(q.anim_time*90*4)", 0, 0]
				},
				"head": {
					"rotation": ["2*math.sin(q.anim_time*90*4+90)", 0, 0]
				},
				"antenna_left3": {
					"rotation": [0, "2*math.sin(q.anim_time*90*4-20)", "42+1*math.sin(q.anim_time*90*4)-1*math.sin(q.anim_time*90*2-40)"]
				},
				"antenna_right3": {
					"rotation": [0, "-2*math.sin(q.anim_time*90*4-20)", "-42-1*math.sin(q.anim_time*90*4)-1*math.sin(q.anim_time*90*2-60)"]
				},
				"moustache_left": {
					"rotation": ["2*math.sin(q.anim_time*90*5-60)", 0, "4*math.sin(q.anim_time*90*2-60)"]
				},
				"moustache_right": {
					"rotation": ["2*math.sin(q.anim_time*90*4-40)", 0, "4*math.sin(q.anim_time*90*2-40)"]
				},
				"wing_left": {
					"rotation": ["90+40*math.sin(q.anim_time*90*30)", 27, -4]
				},
				"wing_right": {
					"rotation": ["90+40*math.sin(q.anim_time*90*30)", -27, 4]
				},
				"arm_left": {
					"rotation": [-26, 25, "-28+1*math.sin(q.anim_time*90*2+90)"]
				},
				"arm_left2": {
					"rotation": [0, 0, "105-2*math.sin(q.anim_time*90*4-40)-4*math.sin(q.anim_time*90*2-60)"]
				},
				"arm_right": {
					"rotation": [-25, -25, "28+1*math.sin(q.anim_time*90*2+90)"]
				},
				"arm_right2": {
					"rotation": [0, 0, "-105+2*math.sin(q.anim_time*90*4-40)-4*math.sin(q.anim_time*90*2-60)"]
				},
				"leg_left": {
					"rotation": ["5*math.sin(q.anim_time*90*4)", 0, "5*math.sin(q.anim_time*90*2)"],
					"position": ["1*math.sin(q.anim_time*90*2)", "3.75+0.2*math.sin(q.anim_time*90*4)", -1.25]
				},
				"leg_right": {
					"rotation": ["5*math.sin(q.anim_time*90*4)", 0, "5*math.sin(q.anim_time*90*2)"],
					"position": ["1*math.sin(q.anim_time*90*2)", "3.75+0.2*math.sin(q.anim_time*90*4)", -1]
				},
				"body": {
					"position": [0, "-2+0.5*math.sin(q.anim_time*90*1)", "0.3*math.sin(q.anim_time*90*1)"]
				},
				"antenna_left2": {
					"rotation": [0, 0, "-2*math.sin(q.anim_time*90*2-20)"]
				},
				"antenna_right2": {
					"rotation": [0, 0, "-2*math.sin(q.anim_time*90*2-20)"]
				}
			}
		},
		"animation.kricketune.air_fly": {
			"loop": true,
			"bones": {
				"torso": {
					"rotation": ["35-2*math.sin(q.anim_time*90*2)", 0, "0-1*math.sin(q.anim_time*90*2)"],
					"position": ["1*math.sin(q.anim_time*90*2)", "4+0.2*math.sin(q.anim_time*90*4)", "2.25+0.2*math.sin(q.anim_time*90*3)"]
				},
				"neck": {
					"rotation": ["-5+5*math.sin(q.anim_time*90*2)", 0, 0]
				},
				"head": {
					"rotation": ["-25-0.5*math.sin(q.anim_time*90*2+90)", 0, "2*math.sin(q.anim_time*90*1+20)"],
					"position": [0, -0.1, -0.3]
				},
				"antenna_left3": {
					"rotation": [0, "-27.5-1*math.sin(q.anim_time*90*11)", "35+2*math.sin(q.anim_time*90*4)"]
				},
				"antenna_right3": {
					"rotation": [0, "22.5+1*math.sin(q.anim_time*90*11-20)", "-32.5-2*math.sin(q.anim_time*90*4)"]
				},
				"moustache_left": {
					"rotation": ["5+2*math.sin(q.anim_time*90*10)-4*math.sin(q.anim_time*90*2-40)", 0, "5+4*math.sin(q.anim_time*90*2-60)"]
				},
				"moustache_right": {
					"rotation": ["5+2*math.sin(q.anim_time*90*11)-4*math.sin(q.anim_time*90*2-20)", 0, "-5+4*math.sin(q.anim_time*90*2-20)"]
				},
				"wing_left": {
					"rotation": ["90+40*math.sin(q.anim_time*90*30)", 28, -3]
				},
				"wing_right": {
					"rotation": ["90+40*math.sin(q.anim_time*90*30)", -28, 4]
				},
				"arm_left": {
					"rotation": [-15, "15-5*math.sin(q.anim_time*90*2-50)", "-40-2*math.sin(q.anim_time*90*4+90)"]
				},
				"arm_left2": {
					"rotation": [0, "-1*math.sin(q.anim_time*90*11+10)", "102.5-2*math.sin(q.anim_time*90*4-40)-4*math.sin(q.anim_time*90*2-60)"]
				},
				"arm_right": {
					"rotation": [-15, "-15+5*math.sin(q.anim_time*90*2-30)", "40+2*math.sin(q.anim_time*90*4+90)"]
				},
				"arm_right2": {
					"rotation": [0, "1*math.sin(q.anim_time*90*11)", "-102.5+2*math.sin(q.anim_time*90*4-40)-4*math.sin(q.anim_time*90*2-60)"]
				},
				"leg_left": {
					"rotation": ["25+10*math.sin(q.anim_time*90*4)", 0, "5*math.sin(q.anim_time*90*2)"],
					"position": ["1*math.sin(q.anim_time*90*2)", "3.75+0.2*math.sin(q.anim_time*90*4)", 0.75]
				},
				"leg_right": {
					"rotation": ["25+10*math.sin(q.anim_time*90*4+30)", 0, "5*math.sin(q.anim_time*90*2)"],
					"position": ["1*math.sin(q.anim_time*90*2)", "3.75+0.2*math.sin(q.anim_time*90*4)", 0.75]
				},
				"body": {
					"rotation": [0, 0, "1*math.sin(q.anim_time*90*2)"],
					"position": [0, "-2+0.5*math.sin(q.anim_time*90*1)", "2-1*math.sin(q.anim_time*90*1-60)"]
				}
			}
		},
		"animation.kricketune.faint": {
			"loop": true,
			"animation_length": 3,
			"bones": {
				"torso": {
					"rotation": {
						"0.0": [0, 0, 0],
						"0.2083": {
							"pre": [-7.5181, 4.62254, -6.94494],
							"post": [-7.5181, 4.62254, -6.94494],
							"lerp_mode": "catmullrom"
						},
						"0.5833": {
							"post": [-14.87739, 1.93597, 7.24721],
							"lerp_mode": "catmullrom"
						},
						"0.7917": {
							"post": [-20.89109, 1.74897, 8.36286],
							"lerp_mode": "catmullrom"
						},
						"1.2917": {
							"post": [-14.87739, 1.93597, 7.24721],
							"lerp_mode": "catmullrom"
						},
						"1.5833": {
							"post": [82.54579, 1.61325, 4.76693],
							"lerp_mode": "catmullrom"
						},
						"1.7917": {
							"post": [87.88629, 1.93597, 7.24721],
							"lerp_mode": "catmullrom"
						},
						"1.9583": {
							"post": [90.29685, 1.95078, 4.74581],
							"lerp_mode": "catmullrom"
						},
						"3.0": [90.29685, 1.95078, 4.74581]
					},
					"position": {
						"0.0": [0, 0, 0],
						"0.2083": {
							"pre": [0, -0.75, 0.3],
							"post": [0, -0.75, 0.3],
							"lerp_mode": "catmullrom"
						},
						"0.5833": {
							"post": [0, 0.41, 0],
							"lerp_mode": "catmullrom"
						},
						"0.75": {
							"post": [0, 0.23, -0.02],
							"lerp_mode": "catmullrom"
						},
						"0.7917": {
							"post": [0, 0.51, -0.02],
							"lerp_mode": "catmullrom"
						},
						"0.9167": {
							"post": [0, 0.13, -0.02],
							"lerp_mode": "catmullrom"
						},
						"1.0": {
							"post": [0, 0.41, 0],
							"lerp_mode": "catmullrom"
						},
						"1.25": {
							"post": [0, 0.25, 0],
							"lerp_mode": "catmullrom"
						},
						"1.5833": {
							"post": [0, -1.5, 0],
							"lerp_mode": "catmullrom"
						},
						"1.6667": {
							"post": [0, -1, 0],
							"lerp_mode": "catmullrom"
						},
						"1.7917": [0, -1.5, 0]
					}
				},
				"neck": {
					"rotation": {
						"0.0": [0, 0, 0],
						"0.2917": {
							"pre": [11.26807, -0.97939, 4.90338],
							"post": [11.26807, -0.97939, 4.90338],
							"lerp_mode": "catmullrom"
						},
						"0.5833": {
							"post": [17.21, 0, 0],
							"lerp_mode": "catmullrom"
						},
						"0.9583": {
							"post": [10, 0, 0],
							"lerp_mode": "catmullrom"
						},
						"1.5417": {
							"post": [-47.5, 0, 0],
							"lerp_mode": "catmullrom"
						},
						"1.7083": {
							"post": [-12.5, 0, 0],
							"lerp_mode": "catmullrom"
						},
						"1.7917": {
							"post": [-25, 0, 0],
							"lerp_mode": "catmullrom"
						},
						"1.9583": [-10, 0, 0]
					}
				},
				"head": {
					"rotation": {
						"0.0": [2, 0, 0],
						"0.2083": {
							"pre": [8.229, -0.71743, 4.94839],
							"post": [8.229, -0.71743, 4.94839],
							"lerp_mode": "catmullrom"
						},
						"0.4583": {
							"post": [13.25062, 0.69927, -1.77722],
							"lerp_mode": "catmullrom"
						},
						"0.625": {
							"post": [19.44714, -1.25041, 4.84151],
							"lerp_mode": "catmullrom"
						},
						"0.9583": {
							"post": [-32.74381, -3.07598, -9.51975],
							"lerp_mode": "catmullrom"
						},
						"1.7083": [12, 0, 0]
					},
					"position": {
						"0.625": [0, 0, 0],
						"0.7917": {
							"pre": [0, -0.3, 0],
							"post": [0, -0.3, 0],
							"lerp_mode": "catmullrom"
						},
						"0.8333": {
							"post": [0, 0.2, 0],
							"lerp_mode": "catmullrom"
						},
						"0.9583": [0, 0, 0]
					}
				},
				"antenna_left": {
					"rotation": [0, 0, 0]
				},
				"antenna_left2": {
					"rotation": {
						"0.0": [0, 0, 0],
						"0.8333": {
							"pre": [5, 0, 0],
							"post": [5, 0, 0],
							"lerp_mode": "catmullrom"
						},
						"1.4167": {
							"post": [-15, 0, 0],
							"lerp_mode": "catmullrom"
						},
						"1.5833": {
							"post": [-3.31281, 3.58175, 1.34128],
							"lerp_mode": "catmullrom"
						},
						"1.75": {
							"post": [40, 0, 0],
							"lerp_mode": "catmullrom"
						},
						"1.875": {
							"post": [17.5, 0, 0],
							"lerp_mode": "catmullrom"
						},
						"1.9583": [30, 0, 0]
					}
				},
				"antenna_left3": {
					"rotation": {
						"0.0": [0, -15, 45],
						"0.625": {
							"pre": [0.98448, 7.43547, 52.56397],
							"post": [0.98448, 7.43547, 52.56397],
							"lerp_mode": "catmullrom"
						},
						"0.875": {
							"post": [0.12416, 11.20236, 45.44946],
							"lerp_mode": "catmullrom"
						},
						"1.1667": {
							"post": [0, -52.5, 45],
							"lerp_mode": "catmullrom"
						},
						"1.3333": {
							"post": [0, -52.5, 45],
							"lerp_mode": "catmullrom"
						},
						"1.5417": {
							"post": [-14.42066, -83.56037, 52.76318],
							"lerp_mode": "catmullrom"
						},
						"1.75": {
							"post": [-3.76055, 7.09452, 32.59644],
							"lerp_mode": "catmullrom"
						},
						"1.875": {
							"post": [-3.76728, -7.87349, 33.57835],
							"lerp_mode": "catmullrom"
						},
						"2.0417": [-3.74379, 4.59988, 32.76089]
					}
				},
				"antenna_right2": {
					"rotation": {
						"0.0": [0, 0, 0],
						"0.8333": {
							"pre": [2.4, 0, -4.57],
							"post": [2.4, 0, -4.57],
							"lerp_mode": "catmullrom"
						},
						"1.375": {
							"post": [-7.5, 0, -7.5],
							"lerp_mode": "catmullrom"
						},
						"1.5417": {
							"post": [3.03841, 0, -7.70096],
							"lerp_mode": "catmullrom"
						},
						"1.75": {
							"post": [35, 0, -7.5],
							"lerp_mode": "catmullrom"
						},
						"1.875": {
							"post": [22.5, 0, -7.5],
							"lerp_mode": "catmullrom"
						},
						"2.0417": [25, 0, -7.5]
					}
				},
				"antenna_right3": {
					"rotation": {
						"0.0": [0, 15, -45],
						"0.5833": {
							"pre": [-0.43439, 2.462, -55.00933],
							"post": [-0.43439, 2.462, -55.00933],
							"lerp_mode": "catmullrom"
						},
						"0.8333": {
							"post": [0.20274, -4.55424, -45.89478],
							"lerp_mode": "catmullrom"
						},
						"1.125": {
							"post": [0, 57.5, -45],
							"lerp_mode": "catmullrom"
						},
						"1.2917": {
							"post": [0, 57.5, -45],
							"lerp_mode": "catmullrom"
						},
						"1.5": {
							"post": [-5.28083, 61.25321, -38.2301],
							"lerp_mode": "catmullrom"
						},
						"1.7917": {
							"post": [-4.60659, -14.2906, -26.92221],
							"lerp_mode": "catmullrom"
						},
						"1.9583": {
							"post": [-4.49557, -6.81418, -27.52713],
							"lerp_mode": "catmullrom"
						},
						"2.2083": [-4.5603, -11.7986, -27.12727]
					}
				},
				"eyelid_left": {
					"position": {
						"0.0": [0, 0, 0],
						"0.0417": [0.1, 0, -0.1],
						"0.2083": [0.1, 0, -0.1],
						"0.25": [0, 0, 0],
						"1.0417": [0, 0, 0],
						"1.25": [0.1, 0, -0.1]
					}
				},
				"eyelid_right": {
					"position": {
						"0.0": [0, 0, 0],
						"0.0417": [-0.1, 0, -0.1],
						"0.2083": [-0.1, 0, -0.1],
						"0.25": [0, 0, 0],
						"1.0417": [0, 0, 0],
						"1.25": [-0.1, 0, -0.1]
					}
				},
				"moustache_left": {
					"rotation": {
						"0.0": [0, 0, 0],
						"0.3333": {
							"pre": [-18.39573, 0.00526, 4.22783],
							"post": [-18.39573, 0.00526, 4.22783],
							"lerp_mode": "catmullrom"
						},
						"0.5833": {
							"post": [-28.4778, -3.99258, -5.33449],
							"lerp_mode": "catmullrom"
						},
						"0.7083": {
							"post": [-14.62165, -4.98093, -8.6822],
							"lerp_mode": "catmullrom"
						},
						"0.9583": {
							"post": [24.39216, 1.62381, -0.12221],
							"lerp_mode": "catmullrom"
						},
						"1.0417": {
							"post": [20.83069, 2.55461, 1.11635],
							"lerp_mode": "catmullrom"
						},
						"1.125": {
							"post": [24.39216, 1.62381, -0.12221],
							"lerp_mode": "catmullrom"
						},
						"1.2083": {
							"post": [20.83069, 2.55461, 1.11635],
							"lerp_mode": "catmullrom"
						},
						"1.2917": {
							"post": [14.93994, 3.68358, 2.87684],
							"lerp_mode": "catmullrom"
						},
						"1.5": {
							"post": [20.74781, 8.60016, -3.86001],
							"lerp_mode": "catmullrom"
						},
						"1.7083": {
							"post": [6.11044, -5.11411, -35.46973],
							"lerp_mode": "catmullrom"
						},
						"1.8333": {
							"post": [10.1183, -0.81376, -24.8696],
							"lerp_mode": "catmullrom"
						},
						"2.0833": [4.95744, -0.65182, 7.47178]
					},
					"position": {
						"0.0": [0, 0, 0],
						"1.6667": [0, 0, 0],
						"1.7083": [0, 0, 0.2],
						"1.75": [0, 0, 0]
					}
				},
				"moustache_right": {
					"rotation": {
						"0.0": [0, 0, 0],
						"0.3333": {
							"pre": [-17.37932, -0.57277, 1.9477],
							"post": [-17.37932, -0.57277, 1.9477],
							"lerp_mode": "catmullrom"
						},
						"0.5833": {
							"post": [-29.37415, -3.78467, -6.0499],
							"lerp_mode": "catmullrom"
						},
						"0.7083": {
							"post": [-12.75694, -4.69456, -8.83948],
							"lerp_mode": "catmullrom"
						},
						"0.9583": {
							"post": [24.39612, -0.7773, -2.37616],
							"lerp_mode": "catmullrom"
						},
						"1.0417": {
							"post": [20.50374, -2.33591, -2.2244],
							"lerp_mode": "catmullrom"
						},
						"1.125": {
							"post": [24.39612, -0.7773, -2.37616],
							"lerp_mode": "catmullrom"
						},
						"1.2083": {
							"post": [20.50374, -2.33591, -2.2244],
							"lerp_mode": "catmullrom"
						},
						"1.2917": {
							"post": [14.16016, -6.11846, -2.9357],
							"lerp_mode": "catmullrom"
						},
						"1.5": {
							"post": [19.15014, -18.0393, 9.02101],
							"lerp_mode": "catmullrom"
						},
						"1.7083": {
							"post": [2.10886, -1.34295, 32.47528],
							"lerp_mode": "catmullrom"
						},
						"1.8333": {
							"post": [-6.24152, -0.28576, 43.9336],
							"lerp_mode": "catmullrom"
						},
						"2.0833": [1.91561, -1.60667, 39.97314]
					},
					"position": {
						"0.0": [0, 0, 0],
						"1.625": [0, 0, 0]
					}
				},
				"wing_left": {
					"rotation": {
						"0.0": [5, 0, -20],
						"0.75": [37.19986, 1.70818, -39.9299],
						"0.875": [35.58701, -11.75496, -21.78935],
						"1.2917": [36.83867, -5.83697, -29.95018],
						"1.7083": [6.83867, -5.83697, -29.95018],
						"1.875": [14.33867, -5.83697, -29.95018],
						"2.0": [9.33867, -5.83697, -29.95018],
						"2.2083": [9.34, -5.84, -29.95],
						"2.25": [11.84, -5.84, -29.95],
						"2.2917": [9.34, -5.84, -29.95],
						"2.3333": [11.84, -5.84, -29.95],
						"2.4167": [6.80513, -0.87536, -29.35519],
						"3.0": [6.80513, -0.87536, -29.35519]
					}
				},
				"wing_right": {
					"rotation": {
						"0.0": [10, 0, 20],
						"0.75": [29.62165, -4.98093, 28.6822],
						"0.875": [29.97638, 1.2497, 17.83459],
						"1.2917": [29.14743, -7.43547, 33.06431],
						"1.7083": [4.14743, -7.43547, 33.06431],
						"1.875": [14.14743, -7.43547, 33.06431],
						"2.0": [1.64743, -7.43547, 33.06431],
						"2.2083": [1.65, -7.44, 33.06],
						"2.25": [4.15, -7.44, 33.06],
						"2.2917": [1.65, -7.44, 33.06],
						"2.3333": [4.15, -7.44, 33.06],
						"2.4167": [1.65489, 0.05841, 33.05809],
						"3.0": [1.65489, 0.05841, 33.05809]
					}
				},
				"arm_left": {
					"rotation": {
						"0.0": [-10.3, 17.2, -31.6],
						"0.2083": {
							"pre": [12.96766, 12.44017, -2.84035],
							"post": [12.96766, 12.44017, -2.84035],
							"lerp_mode": "catmullrom"
						},
						"0.375": {
							"post": [-14.23261, 22.30187, -37.72131],
							"lerp_mode": "catmullrom"
						},
						"0.5833": {
							"post": [-14.40785, 26.67065, -48.98079],
							"lerp_mode": "catmullrom"
						},
						"0.7083": {
							"post": [24.20431, 16.21116, 15.67044],
							"lerp_mode": "catmullrom"
						},
						"0.7917": {
							"post": [25.56457, 8.52332, 20.47693],
							"lerp_mode": "catmullrom"
						},
						"1.2083": {
							"post": [25.56457, 8.52332, 20.47693],
							"lerp_mode": "catmullrom"
						},
						"1.3333": {
							"post": [-9.01037, -28.75497, 12.18365],
							"lerp_mode": "catmullrom"
						},
						"1.4583": {
							"post": [-10.61499, -28.55851, 26.46738],
							"lerp_mode": "catmullrom"
						},
						"1.6667": {
							"post": [-11.18372, -33.46848, 27.57017],
							"lerp_mode": "catmullrom"
						},
						"1.875": {
							"post": [0.65229, 0.12725, -10.59316],
							"lerp_mode": "catmullrom"
						},
						"2.0": {
							"post": [1.16675, -5.79279, -15.6871],
							"lerp_mode": "catmullrom"
						},
						"2.25": [1.29102, -0.55775, -26.58365]
					}
				},
				"arm_left2": {
					"rotation": {
						"0.0": [0.6, -2.5, 102.9],
						"0.2083": {
							"pre": [-0.1219, -3.32163, 115.41256],
							"post": [-0.1219, -3.32163, 115.41256],
							"lerp_mode": "catmullrom"
						},
						"0.4167": {
							"post": [2.30479, -2.89423, 74.92076],
							"lerp_mode": "catmullrom"
						},
						"0.625": {
							"post": [3.77478, -0.75798, 29.39259],
							"lerp_mode": "catmullrom"
						},
						"0.7083": {
							"post": [-10.58158, -3.06714, 82.61809],
							"lerp_mode": "catmullrom"
						},
						"0.7917": {
							"post": [-12.84017, -3.10036, 77.72419],
							"lerp_mode": "catmullrom"
						},
						"1.0417": {
							"post": [-13.34017, -3.10036, 77.72419],
							"lerp_mode": "catmullrom"
						},
						"1.1667": {
							"post": [-13.37421, -5.55964, 78.1749],
							"lerp_mode": "catmullrom"
						},
						"1.2917": {
							"post": [9.44059, 4.20807, 71.59547],
							"lerp_mode": "catmullrom"
						},
						"1.375": {
							"post": [15.21011, -0.31135, 61.90828],
							"lerp_mode": "catmullrom"
						},
						"1.5": {
							"post": [20.60753, -14.592, 32.74206],
							"lerp_mode": "catmullrom"
						},
						"1.7083": {
							"post": [22.72897, -31.46376, 45.63452],
							"lerp_mode": "catmullrom"
						},
						"1.9167": {
							"post": [2.67498, 3.21888, 75.78064],
							"lerp_mode": "catmullrom"
						},
						"2.0833": {
							"post": [2.9321, 0.23387, 75.63441],
							"lerp_mode": "catmullrom"
						},
						"2.2917": [2.90061, 4.53384, 69.84429]
					}
				},
				"arm_right": {
					"rotation": {
						"0.0": [-10.3, -17.2, 31.6],
						"0.1667": {
							"pre": [-7.6984, -18.7732, 23.983],
							"post": [-7.6984, -18.7732, 23.983],
							"lerp_mode": "catmullrom"
						},
						"0.4583": {
							"post": [-13.20764, -22.15282, 37.94369],
							"lerp_mode": "catmullrom"
						},
						"1.25": {
							"post": [-12.2301, -2.63333, 33.45699],
							"lerp_mode": "catmullrom"
						},
						"1.375": {
							"post": [-9.58998, -13.7879, 23.65353],
							"lerp_mode": "catmullrom"
						},
						"1.5833": {
							"post": [-9.65718, 15.3147, 18.77427],
							"lerp_mode": "catmullrom"
						},
						"1.7917": {
							"post": [-9.61082, -14.2809, 23.73948],
							"lerp_mode": "catmullrom"
						},
						"1.9167": {
							"post": [-9.33912, -4.41662, 22.07321],
							"lerp_mode": "catmullrom"
						},
						"2.1667": [-9.51456, -11.81563, 23.31319]
					},
					"position": [0, 0, 0]
				},
				"arm_right2": {
					"rotation": {
						"0.0": [0.6, 2.5, -102.9],
						"0.2083": {
							"pre": [12.76835, 2.55691, -110.4071],
							"post": [12.76835, 2.55691, -110.4071],
							"lerp_mode": "catmullrom"
						},
						"0.4583": {
							"post": [2.1922, 1.34348, -57.88739],
							"lerp_mode": "catmullrom"
						},
						"0.5833": {
							"post": [-4.92943, -0.04428, -25.41409],
							"lerp_mode": "catmullrom"
						},
						"1.3333": {
							"post": [-4.89323, 0.59873, -17.94157],
							"lerp_mode": "catmullrom"
						},
						"1.4583": {
							"post": [-14.45341, 33.21655, -36.29414],
							"lerp_mode": "catmullrom"
						},
						"1.6667": {
							"post": [-22.8289, 40.32223, -49.12907],
							"lerp_mode": "catmullrom"
						},
						"1.9167": {
							"post": [-2.22537, -4.75168, -33.0964],
							"lerp_mode": "catmullrom"
						},
						"2.0417": {
							"post": [-2.23811, 7.73891, -33.58237],
							"lerp_mode": "catmullrom"
						},
						"2.2083": [-2.2289, 5.74043, -33.50388]
					}
				},
				"leg_left": {
					"rotation": {
						"0.0": [0, 0, -12.5],
						"1.2917": {
							"pre": [-7.5, 0, -12.5],
							"post": [-7.5, 0, -12.5],
							"lerp_mode": "catmullrom"
						},
						"1.5": {
							"post": [84.6875, 0, -12.5],
							"lerp_mode": "catmullrom"
						},
						"1.75": {
							"post": [151.94686, 5.86854, 9.91323],
							"lerp_mode": "catmullrom"
						},
						"2.125": [66.94686, 5.86854, 9.91323]
					},
					"position": {
						"0.0": [0, 0, 0],
						"0.625": {
							"pre": [0, 0, 0],
							"post": [0, 0, 0],
							"lerp_mode": "catmullrom"
						},
						"0.7083": {
							"post": [0, 0.01, 0],
							"lerp_mode": "catmullrom"
						},
						"0.7917": {
							"post": [0, 0.03, 0],
							"lerp_mode": "catmullrom"
						},
						"0.875": {
							"post": [0, -0.06, 0],
							"lerp_mode": "catmullrom"
						},
						"1.2917": {
							"post": [0, 0, 0],
							"lerp_mode": "catmullrom"
						},
						"1.5": {
							"post": [0.25, -0.45, -0.2],
							"lerp_mode": "catmullrom"
						},
						"1.75": {
							"post": [0, 0.8, -0.85],
							"lerp_mode": "catmullrom"
						},
						"2.125": [0, -0.7, -0.85]
					}
				},
				"leg_right": {
					"rotation": {
						"0.0": [0, 0, 12.5],
						"0.2083": [-12.5, 0, 12.5],
						"0.3333": {
							"pre": [12.06752, 1.81096, 13.35235],
							"post": [12.06752, 1.81096, 13.35235],
							"lerp_mode": "catmullrom"
						},
						"0.5417": {
							"post": [-35.8961, 6.41119, 15.70782],
							"lerp_mode": "catmullrom"
						},
						"0.625": {
							"post": [-56.19338, 9.35569, 14.77088],
							"lerp_mode": "catmullrom"
						},
						"0.7083": {
							"post": [-71.31229, 10.53348, 14.39611],
							"lerp_mode": "catmullrom"
						},
						"0.7917": {
							"post": [-53.57406, 11.71128, 14.02133],
							"lerp_mode": "catmullrom"
						},
						"0.875": {
							"post": [-67.3722, 14.20618, 13.85446],
							"lerp_mode": "catmullrom"
						},
						"1.25": {
							"post": [-88.76662, 21.69089, 13.35383],
							"lerp_mode": "catmullrom"
						},
						"1.375": {
							"post": [50.7951, 9.62368, 25.16319],
							"lerp_mode": "catmullrom"
						},
						"1.5": {
							"post": [116.94686, 5.86854, 9.91323],
							"lerp_mode": "catmullrom"
						},
						"1.625": {
							"post": [151.94686, 5.86854, 9.91323],
							"lerp_mode": "catmullrom"
						},
						"2.0": [66.94686, 5.86854, 9.91323]
					},
					"position": {
						"0.0": [0, 0, 0],
						"0.2083": [0, -0.4, 0.6],
						"0.5417": {
							"pre": [0, 0.42, -0.8],
							"post": [0, 0.42, -0.8],
							"lerp_mode": "catmullrom"
						},
						"0.7083": {
							"post": [0, 0.92, -1.6],
							"lerp_mode": "catmullrom"
						},
						"0.7917": {
							"post": [0, 0.58, -1.7],
							"lerp_mode": "catmullrom"
						},
						"0.875": {
							"post": [0, 0.72, -1.7],
							"lerp_mode": "catmullrom"
						},
						"1.25": {
							"post": [0, 0.72, -1.8],
							"lerp_mode": "catmullrom"
						},
						"1.375": {
							"post": [0, -0.3, -0.55],
							"lerp_mode": "catmullrom"
						},
						"1.5": {
							"post": [0, 0.7, -0.05],
							"lerp_mode": "catmullrom"
						},
						"1.625": {
							"post": [0, 0.8, -0.85],
							"lerp_mode": "catmullrom"
						},
						"2.0": [0, -0.7, -0.85]
					}
				},
				"body": {
					"position": {
						"0.0": [0, 0, 0],
						"1.25": {
							"pre": [0, 0, 0.6],
							"post": [0, 0, 0.6],
							"lerp_mode": "catmullrom"
						},
						"1.5": {
							"post": [0, 0.3, -2.5],
							"lerp_mode": "catmullrom"
						},
						"1.7083": [0, 0.7, -4.1],
						"1.9583": [0, 0.7, -5],
						"2.1667": [0, 0.7, -5.4]
					}
				}
			}
		},
		"animation.kricketune.blink": {
			"animation_length": 0.16667,
			"bones": {
				"eyelid_left": {
					"position": {
						"0.0": [0.1, 0, -0.1],
						"0.125": [0.1, 0, -0.1],
						"0.1667": [0, 0, 0]
					}
				},
				"eyelid_right": {
					"position": {
						"0.0": [-0.1, 0, -0.1],
						"0.125": [-0.1, 0, -0.1],
						"0.1667": [0, 0, 0]
					}
				}
			}
		},
		"animation.kricketune.special_attack": {
			"loop": true,
			"animation_length": 2,
			"bones": {
				"torso": {
					"rotation": {
						"0.0": [0, 0, 0],
						"0.25": {
							"pre": [-20.15874, -7.04533, 2.57816],
							"post": [-20.15874, -7.04533, 2.57816],
							"lerp_mode": "catmullrom"
						},
						"0.4167": {
							"post": [18.71, 0, 0],
							"lerp_mode": "catmullrom"
						},
						"0.5417": {
							"post": [23.12086, 0.35829, -0.13111],
							"lerp_mode": "catmullrom"
						},
						"0.625": {
							"post": [20.44881, 0.34899, -0.12771],
							"lerp_mode": "catmullrom"
						},
						"0.7917": {
							"post": [22.36184, 0.28286, -0.10351],
							"lerp_mode": "catmullrom"
						},
						"0.9167": {
							"post": [19.24763, 0.22659, -0.08292],
							"lerp_mode": "catmullrom"
						},
						"1.3333": {
							"post": [17.07, 0, 0],
							"lerp_mode": "catmullrom"
						},
						"1.6667": {
							"post": [6.16, 0, 0],
							"lerp_mode": "catmullrom"
						},
						"2.0": [0, 0, 0]
					},
					"position": {
						"0.0": [0, 0, 0],
						"0.25": [0, 0, 1],
						"0.375": [0, 0.5, 0.38],
						"0.4583": [0, -0.07, 0.58],
						"1.3333": [0, -0.29, 0.3],
						"1.5": [0, 0.28, 0.22],
						"1.5833": [0, -0.27, 0.18],
						"2.0": [0, 0, 0]
					}
				},
				"neck": {
					"rotation": {
						"0.0": [0, 0, 0],
						"0.25": [7.5, 0, 0],
						"0.6667": [8.86, 0, 0],
						"1.2917": [-6.01, 0, 0],
						"2.0": [0, 0, 0]
					}
				},
				"head": {
					"rotation": {
						"0.0": [2, 0, 0],
						"0.25": {
							"pre": [17, 0, 0],
							"post": [17, 0, 0],
							"lerp_mode": "catmullrom"
						},
						"0.4167": {
							"post": [-16.41, 0, 0],
							"lerp_mode": "catmullrom"
						},
						"0.5": {
							"post": [-13.25894, 1.36115, 4.81161],
							"lerp_mode": "catmullrom"
						},
						"0.625": {
							"post": [-17.42584, 0.0068, -0.26109],
							"lerp_mode": "catmullrom"
						},
						"0.7083": {
							"post": [-16.81859, 0.62522, 2.17036],
							"lerp_mode": "catmullrom"
						},
						"0.875": {
							"post": [-13.14435, 0.01142, -0.42207],
							"lerp_mode": "catmullrom"
						},
						"1.5": {
							"post": [-1.19013, 0.00806, -0.29793],
							"lerp_mode": "catmullrom"
						},
						"2.0": [2, 0, 0]
					}
				},
				"antenna_left": {
					"rotation": {
						"0.0": [0, 0, 0],
						"2.0": [0, 0, 0]
					}
				},
				"antenna_left2": {
					"rotation": {
						"0.0": [0, 0, 0],
						"2.0": [0, 0, 0]
					}
				},
				"antenna_left3": {
					"rotation": {
						"0.0": [0, -15, 45],
						"0.2083": {
							"pre": [7.05309, -13.27207, 16.67841],
							"post": [7.05309, -13.27207, 16.67841],
							"lerp_mode": "catmullrom"
						},
						"0.4583": {
							"post": [4.85009, -13.98921, 25.75453],
							"lerp_mode": "catmullrom"
						},
						"0.625": {
							"post": [5.55776, -13.66748, 22.70373],
							"lerp_mode": "catmullrom"
						},
						"0.875": {
							"post": [3.29524, -14.25192, 31.90051],
							"lerp_mode": "catmullrom"
						},
						"1.0": {
							"post": [3.56377, -14.19344, 30.78061],
							"lerp_mode": "catmullrom"
						},
						"2.0": [0, -15, 45]
					}
				},
				"antenna_right2": {
					"rotation": {
						"0.0": [0, 0, 0],
						"2.0": [0, 0, 0]
					}
				},
				"antenna_right3": {
					"rotation": {
						"0.0": [0, 15, -45],
						"0.2083": {
							"pre": [7.05309, 13.27207, -16.67841],
							"post": [7.05309, 13.27207, -16.67841],
							"lerp_mode": "catmullrom"
						},
						"0.5": {
							"post": [4.68269, 14.01499, -26.4153],
							"lerp_mode": "catmullrom"
						},
						"0.625": {
							"post": [4.91373, 13.89641, -25.39582],
							"lerp_mode": "catmullrom"
						},
						"0.7917": {
							"post": [3.69079, 14.20479, -30.34366],
							"lerp_mode": "catmullrom"
						},
						"1.0": {
							"post": [4.3161, 14.0203, -27.72403],
							"lerp_mode": "catmullrom"
						},
						"2.0": [0, 15, -45]
					}
				},
				"eyelid_left": {
					"position": {
						"0.0": [0, 0, 0],
						"0.125": [0, 0, 0],
						"0.1667": [0.1, 0, -0.1],
						"0.2917": [0.1, 0, -0.1],
						"0.3333": [0, 0, 0],
						"1.4167": [0, 0, 0],
						"1.4583": [0.1, 0, -0.1],
						"1.5833": [0.1, 0, -0.1],
						"1.625": [0, 0, 0],
						"2.0": [0, 0, 0]
					}
				},
				"eyelid_right": {
					"position": {
						"0.0": [0, 0, 0],
						"0.125": [0, 0, 0],
						"0.1667": [-0.1, 0, -0.1],
						"0.2917": [-0.1, 0, -0.1],
						"0.3333": [0, 0, 0],
						"1.4167": [0, 0, 0],
						"1.4583": [-0.1, 0, -0.1],
						"1.5833": [-0.1, 0, -0.1],
						"1.625": [0, 0, 0],
						"2.0": [0, 0, 0]
					}
				},
				"moustache_left": {
					"rotation": {
						"0.0": [0, 0, 0],
						"0.25": {
							"pre": [-22.5, 0, 0],
							"post": [-22.5, 0, 0],
							"lerp_mode": "catmullrom"
						},
						"0.5": {
							"post": [-19.21772, -1.64953, -4.72072],
							"lerp_mode": "catmullrom"
						},
						"0.5833": {
							"post": [-18.21456, 0.00322, 0.29217],
							"lerp_mode": "catmullrom"
						},
						"0.75": {
							"post": [-16.05728, -0.68906, -2.14461],
							"lerp_mode": "catmullrom"
						},
						"0.875": {
							"post": [-14.45121, 0.62838, 2.91156],
							"lerp_mode": "catmullrom"
						},
						"1.0": {
							"post": [-12.84572, -0.55374, -2.28674],
							"lerp_mode": "catmullrom"
						},
						"2.0": [0, 0, 0]
					}
				},
				"moustache_right": {
					"rotation": {
						"0.0": [0, 0, 0],
						"0.25": {
							"pre": [-20, 0, 0],
							"post": [-20, 0, 0],
							"lerp_mode": "catmullrom"
						},
						"0.5": {
							"post": [-17.14, 0, 0],
							"lerp_mode": "catmullrom"
						},
						"0.5833": {
							"post": [-16.12939, 1.3923, 4.80271],
							"lerp_mode": "catmullrom"
						},
						"0.75": {
							"post": [-21.73119, -1.23578, -5.45467],
							"lerp_mode": "catmullrom"
						},
						"0.875": {
							"post": [-12.84359, -0.55715, -2.47133],
							"lerp_mode": "catmullrom"
						},
						"1.0": {
							"post": [-11.38477, -0.98949, -4.64761],
							"lerp_mode": "catmullrom"
						},
						"2.0": [0, 0, 0]
					}
				},
				"wing_left": {
					"rotation": {
						"0.0": [5, 0, -20],
						"0.5": [27.5, 0, -20],
						"0.5833": [16.25, 0, -20],
						"0.7083": [20.25735, 0, -20],
						"0.875": [3.28866, 0, -20],
						"2.0": [5, 0, -20]
					}
				},
				"wing_right": {
					"rotation": {
						"0.0": [10, 0, 20],
						"0.5": [37.5, 0, 20],
						"0.5833": [30.97222, 0, 20],
						"0.7083": [34.12173, 0, 20],
						"0.875": [23.50925, 0, 20],
						"2.0": [10, 0, 20]
					}
				},
				"arm_left": {
					"rotation": {
						"0.0": [-10.3, 17.2, -31.6],
						"0.3333": {
							"pre": [-12.74471, 39.26268, -36.67013],
							"post": [-12.74471, 39.26268, -36.67013],
							"lerp_mode": "catmullrom"
						},
						"0.4167": {
							"post": [-9.90859, -1.37487, -28.30214],
							"lerp_mode": "catmullrom"
						},
						"1.375": {
							"post": [-10.14419, -9.82567, -26.79278],
							"lerp_mode": "catmullrom"
						},
						"2.0": [-10.3, 17.2, -31.6]
					}
				},
				"arm_left2": {
					"rotation": {
						"0.0": [0.6, -2.5, 102.9],
						"0.25": {
							"pre": [-0.2918, -2.55435, 122.9196],
							"post": [-0.2918, -2.55435, 122.9196],
							"lerp_mode": "catmullrom"
						},
						"0.4167": {
							"post": [1.72095, -1.89836, 74.17248],
							"lerp_mode": "catmullrom"
						},
						"0.5833": {
							"post": [1.68699, -1.88991, 74.69605],
							"lerp_mode": "catmullrom"
						},
						"0.6667": {
							"post": [1.70551, -1.85318, 73.8548],
							"lerp_mode": "catmullrom"
						},
						"0.75": {
							"post": [1.46514, -2.02901, 80.67122],
							"lerp_mode": "catmullrom"
						},
						"0.875": {
							"post": [1.46789, -2.014, 80.39328],
							"lerp_mode": "catmullrom"
						},
						"2.0": [0.6, -2.5, 102.9]
					}
				},
				"arm_right": {
					"rotation": {
						"0.0": [-10.3, -17.2, 31.6],
						"0.3333": {
							"pre": [-12.32017, -36.82221, 35.98137],
							"post": [-12.32017, -36.82221, 35.98137],
							"lerp_mode": "catmullrom"
						},
						"0.4167": {
							"post": [-9.94605, 6.15215, 27.46137],
							"lerp_mode": "catmullrom"
						},
						"1.3333": {
							"post": [-10.06629, 0.01639, 28.53926],
							"lerp_mode": "catmullrom"
						},
						"2.0": [-10.3, -17.2, 31.6]
					},
					"position": {
						"0.0": [0, 0, 0],
						"2.0": [0, 0, 0]
					}
				},
				"arm_right2": {
					"rotation": {
						"0.0": [0.6, 2.5, -102.9],
						"0.25": {
							"pre": [0.04433, 2.57057, -115.4121],
							"post": [0.04433, 2.57057, -115.4121],
							"lerp_mode": "catmullrom"
						},
						"0.4167": {
							"post": [1.87035, 1.75921, -69.62682],
							"lerp_mode": "catmullrom"
						},
						"0.5833": {
							"post": [1.8151, 1.7597, -70.62923],
							"lerp_mode": "catmullrom"
						},
						"0.6667": {
							"post": [1.82061, 1.72549, -70.02753],
							"lerp_mode": "catmullrom"
						},
						"0.75": {
							"post": [1.58309, 1.91915, -77.08255],
							"lerp_mode": "catmullrom"
						},
						"0.875": {
							"post": [1.65146, 1.84032, -74.66339],
							"lerp_mode": "catmullrom"
						},
						"2.0": [0.6, 2.5, -102.9]
					}
				},
				"leg_left": {
					"rotation": {
						"0.0": [0, 0, -12.5],
						"2.0": [0, 0, -12.5]
					},
					"position": {
						"0.0": [0, 0, 0],
						"2.0": [0, 0, 0]
					}
				},
				"leg_right": {
					"rotation": {
						"0.0": [0, 0, 12.5],
						"2.0": [0, 0, 12.5]
					},
					"position": {
						"0.0": [0, 0, 0],
						"0.2917": {
							"pre": [0, 0, 0],
							"post": [0, 0, 0],
							"lerp_mode": "catmullrom"
						},
						"0.375": {
							"post": [0, 1, 0],
							"lerp_mode": "catmullrom"
						},
						"0.4167": {
							"post": [0, 0, -1.5],
							"lerp_mode": "catmullrom"
						},
						"1.4583": {
							"post": [0, 0, -1.5],
							"lerp_mode": "catmullrom"
						},
						"1.5": {
							"post": [0, 1, 0],
							"lerp_mode": "catmullrom"
						},
						"1.5833": {
							"post": [0, 0, 0],
							"lerp_mode": "catmullrom"
						},
						"2.0": [0, 0, 0]
					}
				}
			}
		},
		"animation.kricketune.physical_attack": {
			"loop": true,
			"animation_length": 3,
			"bones": {
				"torso": {
					"rotation": {
						"0.0": [0, 0, 0],
						"0.5": {
							"pre": [-17.72206, 34.65749, -9.13039],
							"post": [-17.72206, 34.65749, -9.13039],
							"lerp_mode": "catmullrom"
						},
						"0.6667": {
							"post": [27.00503, -42.3126, -7.69728],
							"lerp_mode": "catmullrom"
						},
						"1.0833": {
							"post": [25.93131, -40.52279, -6.18452],
							"lerp_mode": "catmullrom"
						},
						"1.8333": {
							"post": [-0.26034, 8.25598, -0.26451],
							"lerp_mode": "catmullrom"
						},
						"3.0": [0, 0, 0]
					},
					"position": {
						"0.0": [0, 0, 0],
						"0.0833": {
							"pre": [0, 0.5, 0],
							"post": [0, 0.5, 0],
							"lerp_mode": "catmullrom"
						},
						"0.2083": {
							"post": [-0.08, -0.22, 0],
							"lerp_mode": "catmullrom"
						},
						"0.5417": {
							"post": [-0.25, 0.43, 0],
							"lerp_mode": "catmullrom"
						},
						"0.75": {
							"post": [0.52, 0.64, 0],
							"lerp_mode": "catmullrom"
						},
						"0.8333": {
							"post": [0.52, -0.12, 0],
							"lerp_mode": "catmullrom"
						},
						"1.9583": {
							"post": [0.25, -0.1, 0],
							"lerp_mode": "catmullrom"
						},
						"2.125": {
							"post": [0.21, 0.42, 0],
							"lerp_mode": "catmullrom"
						},
						"2.25": {
							"post": [0.18, -0.39, 0],
							"lerp_mode": "catmullrom"
						},
						"2.5": {
							"post": [0.12, -0.26, 0],
							"lerp_mode": "catmullrom"
						},
						"2.6667": {
							"post": [0.08, 0.33, 0],
							"lerp_mode": "catmullrom"
						},
						"2.875": [0.03, -0.13, 0],
						"3.0": [0, 0, 0]
					}
				},
				"neck": {
					"rotation": {
						"0.0": [0, 0, 0],
						"0.5": [10, -7.5, 0],
						"1.0": [10.5, -6, 0],
						"1.7917": [1.34375, -3.625, 0],
						"2.375": [5.69504, -1.875, 0],
						"3.0": [0, 0, 0]
					}
				},
				"head": {
					"rotation": {
						"0.0": [2, 0, 0],
						"0.5": {
							"pre": [2.12824, -19.9873, -0.72775],
							"post": [2.12824, -19.9873, -0.72775],
							"lerp_mode": "catmullrom"
						},
						"0.8333": {
							"post": [7.14685, 20.1536, 0.7381],
							"lerp_mode": "catmullrom"
						},
						"1.0417": {
							"post": [-3.34804, 18.21575, 0.66713],
							"lerp_mode": "catmullrom"
						},
						"1.9583": {
							"post": [6.6553, 9.68923, 0.35486],
							"lerp_mode": "catmullrom"
						},
						"2.4167": {
							"post": [-5.39303, 5.42597, 0.19872],
							"lerp_mode": "catmullrom"
						},
						"3.0": [2, 0, 0]
					}
				},
				"antenna_left": {
					"rotation": {
						"0.0": [0, 0, 0],
						"3.0": [0, 0, 0]
					}
				},
				"antenna_left2": {
					"rotation": {
						"0.0": [0, 0, 0],
						"3.0": [0, 0, 0]
					}
				},
				"antenna_left3": {
					"rotation": {
						"0.0": [0, -15, 45],
						"0.3333": {
							"pre": [9.26433, -11.84911, 6.53653],
							"post": [9.26433, -11.84911, 6.53653],
							"lerp_mode": "catmullrom"
						},
						"0.625": {
							"post": [0.28536, -14.6852, 44.08954],
							"lerp_mode": "catmullrom"
						},
						"1.2083": {
							"post": [2.83147, -14.49592, 33.98087],
							"lerp_mode": "catmullrom"
						},
						"3.0": [0, -15, 45]
					}
				},
				"antenna_right2": {
					"rotation": {
						"0.0": [0, 0, 0],
						"3.0": [0, 0, 0]
					}
				},
				"antenna_right3": {
					"rotation": {
						"0.0": [0, 15, -45],
						"0.5": {
							"pre": [12.73415, 7.99365, 13.39341],
							"post": [12.73415, 7.99365, 13.39341],
							"lerp_mode": "catmullrom"
						},
						"0.625": {
							"post": [0.84864, 14.42584, -42.24372],
							"lerp_mode": "catmullrom"
						},
						"0.7917": {
							"post": [5.42071, -13.66484, -26.66698],
							"lerp_mode": "catmullrom"
						},
						"1.5417": {
							"post": [-2.6028, 29.43396, -55.59721],
							"lerp_mode": "catmullrom"
						},
						"2.2083": {
							"post": [0.16555, 14.8519, -44.7989],
							"lerp_mode": "catmullrom"
						},
						"3.0": [0, 15, -45]
					}
				},
				"eyelid_left": {
					"position": {
						"0.1667": [0, 0, 0],
						"0.2083": [0.1, 0, -0.1],
						"0.3333": [0.1, 0, -0.1],
						"0.375": [0, 0, 0],
						"1.5": [0, 0, 0],
						"1.5417": [0.1, 0, -0.1],
						"1.6667": [0.1, 0, -0.1],
						"1.7083": [0, 0, 0]
					}
				},
				"eyelid_right": {
					"position": {
						"0.1667": [0, 0, 0],
						"0.2083": [-0.1, 0, -0.1],
						"0.3333": [-0.1, 0, -0.1],
						"0.375": [0, 0, 0],
						"1.5": [0, 0, 0],
						"1.5417": [-0.1, 0, -0.1],
						"1.6667": [-0.1, 0, -0.1],
						"1.7083": [0, 0, 0]
					}
				},
				"moustache_left": {
					"rotation": {
						"0.0": [0, 0, 0],
						"0.4167": {
							"pre": [-21.88023, 23.39896, -0.31159],
							"post": [-21.88023, 23.39896, -0.31159],
							"lerp_mode": "catmullrom"
						},
						"0.7917": {
							"post": [0, 0, -30],
							"lerp_mode": "catmullrom"
						},
						"1.3333": {
							"post": [-2.89679, -3.85258, -1.5869],
							"lerp_mode": "catmullrom"
						},
						"1.9583": {
							"post": [-12.20107, -2.05697, 9.00965],
							"lerp_mode": "catmullrom"
						},
						"2.3333": {
							"post": [-7.20743, -3.28755, -9.11657],
							"lerp_mode": "catmullrom"
						},
						"3.0": [0, 0, 0]
					}
				},
				"moustache_right": {
					"rotation": {
						"0.0": [0, 0, 0],
						"0.5417": {
							"pre": [0, 0, 0],
							"post": [0, 0, 0],
							"lerp_mode": "catmullrom"
						},
						"0.75": {
							"post": [0, -17.5, -40],
							"lerp_mode": "catmullrom"
						},
						"0.9583": {
							"post": [0, -30, -54.09],
							"lerp_mode": "catmullrom"
						},
						"1.5417": {
							"post": [0, -37.5, -18.64],
							"lerp_mode": "catmullrom"
						},
						"1.8333": {
							"post": [-7.5, -12.5, -10.89],
							"lerp_mode": "catmullrom"
						},
						"2.2917": {
							"post": [0, -22.5, 8.36],
							"lerp_mode": "catmullrom"
						},
						"3.0": [0, 0, 0]
					}
				},
				"wing_left": {
					"rotation": {
						"0.0": [5, 0, -20],
						"3.0": [5, 0, -20]
					}
				},
				"wing_right": {
					"rotation": {
						"0.0": [10, 0, 20],
						"3.0": [10, 0, 20]
					}
				},
				"arm_left": {
					"rotation": {
						"0.0": [-10.3, 17.2, -31.6],
						"0.5": [3.68455, 29.48046, -34.14797],
						"0.6667": [2.69347, -26.28524, -36.49246],
						"3.0": [-10.3, 17.2, -31.6]
					}
				},
				"arm_left2": {
					"rotation": {
						"0.0": [0.6, -2.5, 102.9],
						"0.5": {
							"pre": [1.68691, -1.94041, 75.38452],
							"post": [1.68691, -1.94041, 75.38452],
							"lerp_mode": "catmullrom"
						},
						"0.7083": {
							"post": [-0.27709, -2.53355, 122.71129],
							"lerp_mode": "catmullrom"
						},
						"1.375": {
							"post": [0.94796, -2.34751, 94.44707],
							"lerp_mode": "catmullrom"
						},
						"3.0": [0.6, -2.5, 102.9]
					}
				},
				"arm_right": {
					"rotation": {
						"0.0": [-10.3, -17.2, 31.6],
						"0.625": {
							"pre": [-98.34936, -5.50897, 32.32977],
							"post": [-98.34936, -5.50897, 32.32977],
							"lerp_mode": "catmullrom"
						},
						"0.7083": {
							"post": [32.63222, -79.21049, -113.30643],
							"lerp_mode": "catmullrom"
						},
						"0.875": {
							"post": [17.0428, -78.05232, -92.44319],
							"lerp_mode": "catmullrom"
						},
						"1.0833": {
							"post": [16.61917, -61.17521, -105.35194],
							"lerp_mode": "catmullrom"
						},
						"1.7917": {
							"post": [-0.33155, -10.87292, -24.77928],
							"lerp_mode": "catmullrom"
						},
						"2.4167": {
							"post": [-19.66535, 21.74874, 2.8521],
							"lerp_mode": "catmullrom"
						},
						"3.0": [-10.3, -17.2, 31.6]
					},
					"position": {
						"0.0": [0, 0, 0],
						"0.5": {
							"pre": [0, 0, 1.25],
							"post": [0, 0, 1.25],
							"lerp_mode": "catmullrom"
						},
						"0.7917": {
							"post": [0, 0, -2.4],
							"lerp_mode": "catmullrom"
						},
						"3.0": [0, 0, 0]
					}
				},
				"arm_right2": {
					"rotation": {
						"0.0": [0.6, 2.5, -102.9],
						"0.5": {
							"pre": [2.3113, -1.12621, -0.43581],
							"post": [2.3113, -1.12621, -0.43581],
							"lerp_mode": "catmullrom"
						},
						"0.875": {
							"post": [1.90901, 1.23263, -63.14743],
							"lerp_mode": "catmullrom"
						},
						"1.25": {
							"post": [0.91108, 2.12215, -96.79435],
							"lerp_mode": "catmullrom"
						},
						"2.125": {
							"post": [0.70976, -12.63222, -102.13396],
							"lerp_mode": "catmullrom"
						},
						"3.0": [0.6, 2.5, -102.9]
					}
				},
				"leg_left": {
					"rotation": {
						"0.0": [0, 0, -12.5],
						"3.0": [0, 0, -12.5]
					},
					"position": {
						"0.0": [0, 0, 0],
						"0.5": {
							"pre": [0, 0, 0],
							"post": [0, 0, 0],
							"lerp_mode": "catmullrom"
						},
						"0.6667": {
							"post": [0.75, 0.75, -2.25],
							"lerp_mode": "catmullrom"
						},
						"0.75": {
							"post": [0.75, 0, -2.25],
							"lerp_mode": "catmullrom"
						},
						"2.0417": {
							"post": [0.75, 0, -2.25],
							"lerp_mode": "catmullrom"
						},
						"2.0833": {
							"post": [0.75, 0.75, -2.25],
							"lerp_mode": "catmullrom"
						},
						"2.2083": {
							"post": [0, 0, 0],
							"lerp_mode": "catmullrom"
						},
						"3.0": [0, 0, 0]
					}
				},
				"leg_right": {
					"rotation": {
						"0.0": [0, 0, 12.5],
						"0.5": {
							"pre": [20.55024, 57.72524, 23.91199],
							"post": [20.55024, 57.72524, 23.91199],
							"lerp_mode": "catmullrom"
						},
						"2.5417": {
							"post": [20.55024, 57.72524, 23.91199],
							"lerp_mode": "catmullrom"
						},
						"3.0": [0, 0, 12.5]
					},
					"position": {
						"0.0": [0, 0, 0],
						"0.0833": {
							"pre": [0, 1.25, -2.75],
							"post": [0, 1.25, -2.75],
							"lerp_mode": "catmullrom"
						},
						"0.2083": {
							"post": [0, 0, -2.25],
							"lerp_mode": "catmullrom"
						},
						"2.5417": {
							"post": [0, 0, -2.25],
							"lerp_mode": "catmullrom"
						},
						"2.625": {
							"post": [0, 1.25, -2.75],
							"lerp_mode": "catmullrom"
						},
						"3.0": [0, 0, 0]
					}
				}
			}
		}
	}
}