{
  "head": "head",
  "portraitScale": 1.5,
  "portraitTranslation": [ -1, 4.3, 0 ],
  "profileScale": 0.4,
  "profileTranslation": [ 0, 1.2, 0 ],
  "faint": "bedrock(farigiraf, faint)",
  "cry": "bedrock(farigiraf, cry)",
  "poses": {
    "standing": {
      "poseName": "standing",
      "transformTicks": 10,
      "poseTypes": [
        "STAND",
        "NONE",
        "PORTRAIT",
        "PROFILE"
      ],
      "animations": [
        "look",
        "bedrock(farigiraf, ground_idle)"
      ]
    },
    "walking": {
      "poseName": "walking",
      "transformTicks": 10,
      "poseTypes": [ "WALK" ],
      "animations": [ "bedrock(farigiraf, ground_walk)" ]
    }
  }
 }
