{
    "head": "head",
    "portraitScale": 2.5,
    "portraitTranslation": [ -0.8, 1.2, 0 ],
    "profileScale": 0.7,
    "profileTranslation": [ 0, 0.75, 0 ],
    "faint": "bedrock(girafarig, faint)",
    "cry": "bedrock(girafarig, cry)",
    "poses": {
      "standing": {
        "poseName": "standing",
        "transformTicks": 10,
        "poseTypes": [
          "STAND",
          "NONE",
          "PORTRAIT",
          "PROFILE"
        ],
        "animations": [
          "look",
          "bedrock(girafarig, ground_idle)"
        ]
      },
      "walking": {
        "poseName": "walking",
        "transformTicks": 10,
        "poseTypes": [ "WALK" ],
        "animations": [ "bedrock(girafarig, ground_walk)" ]
      }
    }
   }
