{
	"format_version": "1.8.0",
	"animations": {
		"animation.girafarig.cry": {
			"animation_length": 1.2917,
			"bones": {
				"jaw": {
					"rotation": {
						"0.4167": [0, 0, 0],
						"0.5833": [32.5, 0, 0],
						"0.875": [46.62, 0, 0],
						"1.2917": [0, 0, 0]
					},
					"position": {
						"0.4167": [0, 0, 0],
						"1.2917": [0, 0, 0]
					}
				}
			},
			"sound_effects": {
				"0.4167": {
					"effect": "pokemon.girafarig.cry"
				}
			}
		},
		"animation.girafarig.blink": {
			"animation_length": 0.1667,
			"bones": {
				"eyelid_left": {
					"position": {
						"0.0": [0.1, 0, -0.1],
						"0.125": [0.1, 0, -0.1],
						"0.1667": [0, 0, 0]
					}
				},
				"eyelid_right": {
					"position": {
						"0.0": [-0.1, 0, -0.1],
						"0.125": [-0.1, 0, -0.1],
						"0.1667": [0, 0, 0]
					}
				}
			}
		},
		"animation.girafarig.blink2": {
			"animation_length": 0.1667,
			"bones": {
				"tail_eyelid_left": {
					"position": {
						"0.0": [0.1, 0, 0],
						"0.125": [0.1, 0, 0],
						"0.1667": [0, 0, 0]
					}
				},
				"tail_eyelid_right": {
					"position": {
						"0.0": [-0.1, 0, 0],
						"0.125": [-0.1, 0, 0],
						"0.1667": [0, 0, 0]
					}
				}
			}
		},
		"animation.girafarig.shock": {
			"loop": true,
			"bones": {
				"pupil_left": {
					"position": [0, -0.25, 0],
					"scale": [0.7, 0.7, 1]
				},
				"pupil_right": {
					"position": [0, -0.25, 0],
					"scale": [0.7, 0.7, 1]
				},
				"jaw": {
					"rotation": [67.5, 0, 0]
				}
			}
		},
		"animation.girafarig.angry": {
			"loop": true,
			"bones": {
				"eye_angry_left": {
					"position": [0.1, 0, -0.1]
				},
				"pupil_left": {
					"position": [0, -0.5, 0]
				},
				"pupil_right": {
					"position": [0, -0.5, 0]
				},
				"eye_angry_right": {
					"position": [-0.1, 0, -0.1]
				}
			}
		},
		"animation.girafarig.sad": {
			"loop": true,
			"bones": {
				"eye_sad_left": {
					"position": [0.1, 0, -0.1]
				},
				"eye_sad_right": {
					"position": [-0.1, 0, -0.1]
				}
			}
		},
		"animation.girafarig.happy": {
			"loop": true,
			"bones": {
				"eyelid_happy_left": {
					"position": [0.1, 0, -0.1]
				},
				"jaw": {
					"rotation": [67.5, 0, 0]
				},
				"eyelid_happy_right": {
					"position": [-0.1, 0, -0.1]
				}
			}
		},
		"animation.girafarig.recoil": {
			"loop": true,
			"bones": {
				"eyelid_recoil_left": {
					"position": [0.1, 0, -0.1]
				},
				"eyelid_recoil_right": {
					"position": [-0.1, 0, -0.1]
				}
			}
		},
		"animation.girafarig.ground_idle": {
			"loop": true,
			"bones": {
				"torso": {
					"rotation": ["math.sin(q.anim_time*90*4-90)*0.5+1", "math.sin(q.anim_time*90*2+33*1)*0.5", 0],
					"position": [0, "-math.sin(q.anim_time*90*4-45)*0.15", 0]
				},
				"neck": {
					"rotation": ["math.sin(q.anim_time*90*1)*2", 0, 0],
					"position": [0, "math.sin(q.anim_time*90*2-50)*0.1", 0]
				},
				"head": {
					"rotation": ["math.sin(q.anim_time*90*1-100)*-2", 0, 0],
					"position": [0, "math.sin(q.anim_time*90*1-50)*0.1", 0]
				},
				"ear_right": {
					"rotation": [0, 0, "math.sin(q.anim_time*90*2-100)*-5"]
				},
				"ear_left": {
					"rotation": [0, 0, "math.sin(q.anim_time*90*2-110)*5"]
				},
				"tail": {
					"rotation": ["math.sin(q.anim_time*90*4-90)*0.5+1", 0, 0]
				},
				"leg_front_right": {
					"rotation": ["-math.sin(q.anim_time*90*4-66)*1", 0, 0],
					"position": [0, "-0.15-math.sin(q.anim_time*90*4-75)*0.06-math.sin(q.anim_time*90*4+15)*0.02", 0]
				},
				"leg_front_right2": {
					"rotation": ["math.sin(q.anim_time*90*4-66)*3+3", 0, 0],
					"position": [0, 0, 0]
				},
				"leg_front_right3": {
					"rotation": ["-math.sin(q.anim_time*90*4-66)*2-2", 0, 0],
					"position": [0, 0, "-math.sin(q.anim_time*90*4-66)*0.04"]
				},
				"leg_front_left": {
					"rotation": ["-math.sin(q.anim_time*90*4-66)*1", 0, 0],
					"position": [0, "-0.15-math.sin(q.anim_time*90*4-75)*0.06-math.sin(q.anim_time*90*4+15)*0.02", 0]
				},
				"leg_front_left2": {
					"rotation": ["math.sin(q.anim_time*90*4-66)*3+3", 0, 0],
					"position": [0, 0, 0]
				},
				"leg_front_left3": {
					"rotation": ["-math.sin(q.anim_time*90*4-66)*2-2", 0, 0],
					"position": [0, 0, "-math.sin(q.anim_time*90*4-66)*0.04"]
				},
				"leg_back_right": {
					"rotation": ["math.sin(q.anim_time*90*4-90)*1+3", 0, 0],
					"position": [0, "-math.sin(q.anim_time*90*4-75)*0.15-0.25-math.sin(q.anim_time*90*4+15)*0.04", "math.sin(q.anim_time*90*4+60)*0.02"]
				},
				"leg_back_right2": {
					"rotation": ["-math.sin(q.anim_time*90*4-90)*2-6.5", 0, 0],
					"position": [0, "(math.sin(q.anim_time*90*4-33*1)*1+1)*0.1-0.1", 0]
				},
				"leg_back_right3": {
					"rotation": ["-math.sin(q.anim_time*90*4-90)*-1+3", 0, 0],
					"position": [0, "math.sin(q.anim_time*90*4-90)*0.03", "math.sin(q.anim_time*90*4-90)*0.01"]
				},
				"leg_back_left": {
					"rotation": ["math.sin(q.anim_time*90*4-90)*1+3", 0, 0],
					"position": [0, "-math.sin(q.anim_time*90*4-75)*0.15-0.25-math.sin(q.anim_time*90*4+15)*0.04", "math.sin(q.anim_time*90*4+60)*0.02"]
				},
				"leg_back_left2": {
					"rotation": ["-math.sin(q.anim_time*90*4-90)*2-6.5", 0, 0],
					"position": [0, "(math.sin(q.anim_time*90*4-33*1)*1+1)*0.1-0.1", 0]
				},
				"leg_back_left3": {
					"rotation": ["-math.sin(q.anim_time*90*4-90)*-1+3", 0, 0],
					"position": [0, "math.sin(q.anim_time*90*4-90)*0.03", "math.sin(q.anim_time*90*4-90)*0.01"]
				},
				"tail2": {
					"rotation": ["math.sin(q.anim_time*90*4-90)*0.5+1", 0, 0]
				}
			}
		},
		"animation.girafarig.ground_walk": {
			"loop": true,
			"bones": {
				"body": {
					"rotation": [0, 0, "math.clamp(math.sin(q.anim_time*90*4-90)*1,-0.5,0.5)+math.sin(q.anim_time*90*4-180)*1"],
					"position": [0, "-1.75+math.clamp(math.sin(q.anim_time*90*4)*1,0.5,2)+math.clamp(math.sin(q.anim_time*90*4+180)*1,0.5,1)", 0]
				},
				"torso": {
					"rotation": ["math.sin(q.anim_time*90*8-90)*1+0.5", 0, 0]
				},
				"head": {
					"rotation": ["math.sin(q.anim_time*90*8-50)*-2-10", 0, "-math.clamp(math.sin(q.anim_time*90*4-90)*1,-0.8,0.8)-math.sin(q.anim_time*90*4-180)*1"],
					"position": ["math.sin(q.anim_time*90*4-45)*0.1", "math.sin(-q.anim_time*90*4*2-45)*0.1", 0]
				},
				"mane_top": {
					"rotation": ["math.sin(q.anim_time*90*8+90)*4-4", 0, 0]
				},
				"mane_bottom": {
					"rotation": ["-math.sin(q.anim_time*90*8+90)*4-4", 0, 0]
				},
				"tail_right": {
					"rotation": ["-math.sin(q.anim_time*90*3-33*5+120)*10+5", "-math.sin(q.anim_time*90*1.5-33*5+120)*4", 0]
				},
				"tail_right2": {
					"rotation": ["-math.sin(q.anim_time*90*3-33*6+120)*8", "math.sin(q.anim_time*90*1.5-33*6+120)*6", 0]
				},
				"tail_right3": {
					"rotation": ["-math.sin(q.anim_time*90*3-33*7+120)*8", "math.sin(q.anim_time*90*1.5-33*4+120)*8", 0]
				},
				"tail_right4": {
					"rotation": ["-math.sin(q.anim_time*90*3-33*8+120)*8", "math.sin(q.anim_time*90*1.5-33*3+120)*8", 0]
				},
				"tail_right5": {
					"rotation": ["-math.sin(q.anim_time*90*3-33*9+120)*10", "-math.sin(q.anim_time*90*1.5-33*2+120)*10", 0]
				},
				"tail": {
					"rotation": ["math.sin(q.anim_time*90*8-90)*1+0.5", 0, 0]
				},
				"tail2": {
					"rotation": ["math.sin(q.anim_time*90*8-90)*1+0.5", "math.sin(q.anim_time*90*8-90)*1+0.5", 0]
				},
				"tail3": {
					"rotation": ["-math.sin(q.anim_time*90*3-33*7-120)*8", "math.sin(q.anim_time*90*1.5-33*4-120)*8", 0]
				},
				"tail4": {
					"rotation": ["-math.sin(q.anim_time*90*3-33*8-120)*8", "math.sin(q.anim_time*90*1.5-33*3-120)*8", 0]
				},
				"tail5": {
					"rotation": ["-math.sin(q.anim_time*90*3-33*9-120)*10", "-math.sin(q.anim_time*90*1.5-33*2-120)*10", 0]
				},
				"tail_left": {
					"rotation": ["-math.sin(q.anim_time*90*3-33*5)*10+5", "-math.sin(q.anim_time*90*1.5-33*5)*4", 0]
				},
				"tail_left2": {
					"rotation": ["-math.sin(q.anim_time*90*3-33*6)*8", "math.sin(q.anim_time*90*1.5-33*6)*6", 0]
				},
				"tail_left3": {
					"rotation": ["-math.sin(q.anim_time*90*3-33*7)*8", "math.sin(q.anim_time*90*1.5-33*4)*8", 0]
				},
				"tail_left4": {
					"rotation": ["-math.sin(q.anim_time*90*3-33*8)*8", "math.sin(q.anim_time*90*1.5-33*3)*8", 0]
				},
				"tail_left5": {
					"rotation": ["-math.sin(q.anim_time*90*3-33*9)*10", "-math.sin(q.anim_time*90*1.5-33*2)*10", 0]
				},
				"leg_front_right": {
					"relative_to": {
						"rotation": "entity"
					},
					"rotation": [
						"20-math.clamp(20*(math.sin(q.anim_time*90*4-90+33+180)*1+1),-0,60)",
						0,
						"math.clamp(math.sin(q.anim_time*90*4-90+180)*1,-0.8,0.8)+math.sin(q.anim_time*90*4-180*0)*1"
					],
					"position": [0, "(math.clamp(math.sin(q.anim_time*90*4-10)*-0.1,-0.5,1)+0.2)+(math.clamp(math.sin(q.anim_time*90*4-150)*0.5,0,1)-0)", 0]
				},
				"leg_front_right2": {
					"rotation": [
						"math.clamp(math.sin(q.anim_time*90*4-180*1+33)*40,0,40)+(math.clamp(math.sin(q.anim_time*90*2-90*3)*1,0.5,0.7)*1-0.6)*30+(math.clamp(math.sin(q.anim_time*90*2-90*1)*1,0.5,0.7)*1-0.5)*30",
						0,
						0
					]
				},
				"leg_front_right3": {
					"rotation": ["-20+math.clamp(10*(math.sin(q.anim_time*90*4-90-180*1)*1+2),-0,60)+math.clamp(math.sin(q.anim_time*90*4-220*1+40)*30,-2.5,30)", 0, 0],
					"position": [0, "math.clamp(math.sin(q.anim_time*90*4-120+180)*1.1,0.9,1)-0.9+math.clamp(math.sin(q.anim_time*90*2-130+90)*1.3,0.9,1)-0.9", 0]
				},
				"leg_front_left": {
					"rotation": [
						"20-math.clamp(20*(math.sin(q.anim_time*90*4-90+33)*1+1),-0,60)",
						0,
						"math.clamp(math.sin(q.anim_time*90*4-90+180)*1,-0.8,0.8)+math.sin(q.anim_time*90*4-180*0)*1"
					],
					"position": [0, "(math.clamp(math.sin(q.anim_time*90*4-10)*-0.1,-0.5,1)+0.2)+(math.clamp(math.sin(q.anim_time*90*4-150+180)*0.6,0,1)-0)", 0]
				},
				"leg_front_left2": {
					"rotation": [
						"math.clamp(math.sin(q.anim_time*90*4*1+33)*40,0,40)+(math.clamp(math.sin(q.anim_time*90*2-90*3)*1,0.5,0.7)*1-0.6)*30+(math.clamp(math.sin(q.anim_time*90*2-90*1)*1,0.5,0.7)*1-0.5)*30",
						0,
						0
					]
				},
				"leg_front_left3": {
					"rotation": ["-20+math.clamp(10*(-math.sin(q.anim_time*90*4-90)*1+2)+25,0,60)-math.clamp(math.sin(q.anim_time*90*4-220*1+40)*30,-2.5,30)", 0, 0],
					"position": [0, "math.clamp(math.sin(q.anim_time*90*4-120)*1.1,0.9,1)-0.9+math.clamp(math.sin(q.anim_time*90*2-130)*1.3,0.9,1)-0.9", 0]
				},
				"leg_back_right": {
					"rotation": ["-20+math.clamp(15*(math.sin(q.anim_time*90*4-90+180)*1+1),-0,60)", 0, 0],
					"position": [
						0,
						"-0.5+math.clamp(-math.sin(q.anim_time*90*4+90+180*1)*0.01,0,0.01)+math.clamp(-math.sin(q.anim_time*90*4+20+180*1)*1,0.4,1)-0.4+math.clamp(math.sin(q.anim_time*90*4-130+180*1)*1.5,0.4,0.6)-0.3+(math.clamp(-math.sin(q.anim_time*90*2+70+180*1)*1,0.5,1)-0.5)*0.5+(math.clamp(-math.sin(q.anim_time*90*2+70+180*0)*1,0.5,1)+0.5)*0.5",
						0
					]
				},
				"leg_back_right2": {
					"rotation": [
						"math.clamp(math.sin(q.anim_time*90*4+180)*10,0,10)-math.clamp(math.sin(q.anim_time*90*4-95+180)*10,0,45)-math.clamp(math.sin(q.anim_time*90*4+180*0)*10,0,45)",
						0,
						0
					],
					"position": [0, "math.clamp(math.sin(q.anim_time*90*4-130+180)*1,0.7,1)-math.clamp(math.sin(q.anim_time*90*4-40+180)*1,0.75,1)+0.25", 0]
				},
				"leg_back_right3": {
					"rotation": [
						"-math.clamp(math.sin(q.anim_time*90*4+180*1)*10,0,10)+math.clamp(math.sin(q.anim_time*90*4+10+180*0)*25,0,45)-(-20+math.clamp(11*(math.sin(q.anim_time*90*4-90+180*1)*1+1),-0,60))+math.clamp(math.sin(q.anim_time*90*4-130+180*1)*00,50,100)-50",
						0,
						0
					],
					"position": [0, "(math.clamp(math.sin(q.anim_time*90*4-110+180*0)*1,0.5,1)-0.5)*0.7", 0]
				},
				"leg_back_left": {
					"rotation": [
						"-20+math.clamp(15*(math.sin(q.anim_time*90*4-90)*1+1),-0,60)",
						0,
						"-math.clamp(math.sin(q.anim_time*90*4-90)*1,-0.8,0.8)-math.sin(q.anim_time*90*4-180)*1"
					],
					"position": [
						0,
						"-0.5+math.clamp(-math.sin(q.anim_time*90*4+90+180*0)*0.01,0,0.01)+math.clamp(-math.sin(q.anim_time*90*4+20+180*0)*1,0.4,1)-0.4+math.clamp(math.sin(q.anim_time*90*4-130+180*0)*1.5,0.4,0.6)-0.3+(math.clamp(-math.sin(q.anim_time*90*2+70+180*0)*1,0.5,1)-0.5)*0.5+(math.clamp(-math.sin(q.anim_time*90*2+70+180*1)*1,0.5,1)+0)*0.5",
						0
					]
				},
				"leg_back_left2": {
					"rotation": [
						"math.clamp(math.sin(q.anim_time*90*4)*10,0,10)-math.clamp(math.sin(q.anim_time*90*4-95)*10,0,45)-math.clamp(math.sin(q.anim_time*90*4+180)*10,0,45)",
						0,
						0
					],
					"position": [0, "math.clamp(math.sin(q.anim_time*90*4-130)*1,0.7,1)-math.clamp(math.sin(q.anim_time*90*4-40)*1,0.75,1)+0.25", 0]
				},
				"leg_back_left3": {
					"rotation": [
						"-math.clamp(math.sin(q.anim_time*90*4+180*0)*10,0,10)+math.clamp(math.sin(q.anim_time*90*4+10+180*1)*25,0,45)-(-20+math.clamp(11*(math.sin(q.anim_time*90*4-90+180*0)*1+1),-0,60))+math.clamp(math.sin(q.anim_time*90*4-130+180*0)*00,50,100)-50",
						0,
						0
					],
					"position": [0, "(math.clamp(math.sin(q.anim_time*90*4-110+180)*1,0.5,1)-0.5)*0.7", 0]
				},
				"tail_right6": {
					"rotation": ["-math.sin(q.anim_time*90*3-33*9+120)*6", "-math.sin(q.anim_time*90*1.5-33*2+120)*10", 0]
				},
				"tail6": {
					"rotation": ["-math.sin(q.anim_time*90*3-33*9+120)*6", "-math.sin(q.anim_time*90*1.5-33*2+120)*10", 0]
				},
				"tail_left6": {
					"rotation": ["-math.sin(q.anim_time*90*3-33*9)*6", "-math.sin(q.anim_time*90*1.5-33*2)*10", 0]
				},
				"neck": {
					"rotation": ["math.sin(q.anim_time*90*8-90)*1+10", 0, 0]
				},
				"fire_mane2": {
					"rotation": [0, "math.sin(q.anim_time*90*10-30)*2", 0]
				},
				"fire_mane_head": {
					"rotation": [0, 0, "math.sin(q.anim_time*90*10)*1"]
				},
				"fire_mane_head2": {
					"rotation": ["math.sin(q.anim_time*90*8-0)*5", 0, "math.sin(q.anim_time*90*10-50)*1"]
				},
				"fire_mane_head3": {
					"rotation": ["math.sin(q.anim_time*90*8-80)*3", 0, "math.sin(q.anim_time*90*10-70)*0.8"]
				},
				"fire_mane_head4": {
					"rotation": ["math.sin(q.anim_time*90*2)*4", 0, "math.sin(q.anim_time*90*10-90)*2"]
				},
				"ear_right": {
					"rotation": [0, 0, "math.sin(q.anim_time*45*8-100)*-8"]
				},
				"ear_left": {
					"rotation": [0, 0, "math.sin(q.anim_time*45*8-100)*8"]
				},
				"fire_mane3": {
					"rotation": [0, 0, "math.sin(q.anim_time*90*10-20)*4"]
				},
				"leg_front_right_fire": {
					"rotation": [0, "math.sin(q.anim_time*90*10-20)*5", 0]
				},
				"leg_front_left_fire": {
					"rotation": [0, "math.sin(q.anim_time*90*10-20)*5", 0]
				},
				"leg_back_right_fire": {
					"rotation": [0, "math.sin(q.anim_time*90*10-20)*5", 0]
				},
				"leg_back_left_fire": {
					"rotation": [0, "math.sin(q.anim_time*90*10-20)*5", 0]
				}
			}
		}
	}
}