{
  "implemented": true,
  "name": "Farigiraf",
  "nationalPokedexNumber": 981,
  "primaryType": "normal",
  "secondaryType": "psychic",
  "abilities": [
    "cudchew",
    "armortail",
    "h:sapsipper"
  ],
  "baseStats": {
    "hp": 120,
    "attack": 90,
    "defence": 70,
    "special_attack": 110,
    "special_defence": 70,
    "speed": 60
  },
  "catchRate": 45,
  "maleRatio": 0.5,
  "baseExperienceYield": 260,
  "baseFriendship": 50,
  "evYield": {
    "hp": 3,
    "attack": 0,
    "defence": 0,
    "special_attack": 0,
    "special_defence": 0,
    "speed": 0
  },
  "experienceGroup": "medium_fast",
  "eggCycles": 20,
  "eggGroups": [
    "field"
  ],
  "moves": [
    "1:astonish",
    "1:growl",
    "1:guardswap",
    "1:powerswap",
    "1:tackle",
    "5:confusion",
    "10:assurance",
    "14:stomp",
    "19:psybeam",
    "23:agility",
    "28:doublehit",
    "32:twinbeam",
    "37:crunch",
    "41:batonpass",
    "46:nastyplot",
    "50:psychic",
    "tm:agility",
    "tm:amnesia",
    "tm:batonpass",
    "tm:bodyslam",
    "tm:bulldoze",
    "tm:calmmind",
    "tm:chargebeam",
    "tm:confuseray",
    "tm:crunch",
    "tm:curse",
    "tm:dazzlinggleam",
    "tm:doubleedge",
    "tm:earthquake",
    "tm:endeavor",
    "tm:endure",
    "tm:energyball",
    "tm:expandingforce",
    "tm:facade",
    "tm:foulplay",
    "tm:futuresight",
    "tm:gigaimpact",
    "tm:grassknot",
    "tm:gravity",
    "tm:helpinghand",
    "tm:highhorsepower",
    "tm:hyperbeam",
    "tm:hypervoice",
    "tm:imprison",
    "tm:ironhead",
    "tm:lightscreen",
    "tm:lowkick",
    "tm:nastyplot",
    "tm:nightshade",
    "tm:protect",
    "tm:psybeam",
    "tm:psychic",
    "tm:psychicfangs",
    "tm:psychicnoise",
    "tm:psychicterrain",
    "tm:psychup",
    "tm:psyshock",
    "tm:raindance",
    "tm:reflect",
    "tm:rest",
    "tm:roar",
    "tm:shadowball",
    "tm:skillswap",
    "tm:sleeptalk",
    "tm:stompingtantrum",
    "tm:storedpower",
    "tm:substitute",
    "tm:sunnyday",
    "tm:swift",
    "tm:takedown",
    "tm:terablast",
    "tm:thief",
    "tm:thunder",
    "tm:thunderbolt",
    "tm:thunderwave",
    "tm:trailblaze",
    "tm:trick",
    "tm:trickroom",
    "tm:uproar",
    "tm:zenheadbutt"
  ],
  "labels": [
    "gen9"
  ],
  "aspects": [],
  "height": 32,
  "weight": 1600,
  "preEvolution": "girafarig",
  "evolutions": [],
  "cannotDynamax": false,
  "pokedex": [
    "cobblemon.species.farigiraf.desc"
  ],
  "drops": {
    "amount": 4,
    "entries": [
      {
        "item": "minecraft:leather",
        "quantityRange": "0-2"
      },
      {
        "item": "cobblemon:razor_fang",
        "percentage": 5.0
      },
      {
        "item": "cobblemon:persim_berry",
        "percentage": 5.0
      }
    ]
  }
}
